지점,지점명,일시,일 미세먼지 농도(㎍/㎥)
108,서울,2022/04/02,34
108,서울,2022/04/03,45
108,서울,2022/04/04,50
108,서울,2022/04/05,41
108,서울,2022/04/06,50
108,서울,2022/04/07,40
108,서울,2022/04/08,54
108,서울,2022/04/09,58
108,서울,2022/04/10,51
108,서울,2022/04/11,36
108,서울,2022/04/12,27
108,서울,2022/04/13,13
108,서울,2022/04/14,14
108,서울,2022/04/16,39
108,서울,2022/04/17,47
108,서울,2022/04/18,50
108,서울,2022/04/19,60
108,서울,2022/04/20,59
108,서울,2022/04/21,43
108,서울,2022/04/22,52
108,서울,2022/04/23,53
108,서울,2022/04/24,50
108,서울,2022/04/25,44
108,서울,2022/04/26,47
108,서울,2022/04/27,169
108,서울,2022/04/28,77
108,서울,2022/04/30,25
108,서울,2022/05/01,48
108,서울,2022/05/02,45
108,서울,2022/05/03,40
108,서울,2022/05/04,42
108,서울,2022/05/05,34
108,서울,2022/05/06,38
108,서울,2022/05/07,31
108,서울,2022/05/08,20
108,서울,2022/05/09,20
108,서울,2022/05/10,29
108,서울,2022/05/11,30
108,서울,2022/05/12,34
108,서울,2022/05/13,30
108,서울,2022/05/14,35
108,서울,2022/05/15,27
108,서울,2022/05/16,33
108,서울,2022/05/17,56
108,서울,2022/05/18,60
108,서울,2022/05/19,46
108,서울,2022/05/20,38
108,서울,2022/05/21,36
108,서울,2022/05/22,39
108,서울,2022/05/23,69
108,서울,2022/05/24,35
108,서울,2022/05/25,25
108,서울,2022/05/26,26
108,서울,2022/05/27,26
108,서울,2022/05/28,35
108,서울,2022/05/29,31
108,서울,2022/05/30,28
108,서울,2022/05/31,28
108,서울,2022/06/01,26
108,서울,2022/06/02,29
108,서울,2022/06/03,41
108,서울,2022/06/04,38
108,서울,2022/06/05,24
108,서울,2022/06/08,19
108,서울,2022/06/09,24
108,서울,2022/06/10,27
108,서울,2022/06/11,28
108,서울,2022/06/12,25
108,서울,2022/06/13,27
108,서울,2022/06/14,13
108,서울,2022/06/15,14
108,서울,2022/06/16,18
108,서울,2022/06/17,25
108,서울,2022/06/18,21
108,서울,2022/06/19,26
108,서울,2022/06/20,25
108,서울,2022/06/21,29
108,서울,2022/06/22,28
108,서울,2022/06/23,27
108,서울,2022/06/25,47
108,서울,2022/06/26,23
108,서울,2022/06/27,12
108,서울,2022/06/28,18
108,서울,2022/06/29,14
108,서울,2022/07/01,20
108,서울,2022/07/02,29
108,서울,2022/07/03,36
108,서울,2022/07/04,38
108,서울,2022/07/05,34
108,서울,2022/07/06,32
108,서울,2022/07/07,22
108,서울,2022/07/08,22
108,서울,2022/07/09,23
108,서울,2022/07/10,41
108,서울,2022/07/11,26
108,서울,2022/07/12,14
108,서울,2022/07/13,16
108,서울,2022/07/14,14
108,서울,2022/07/15,25
108,서울,2022/07/16,27
108,서울,2022/07/17,26
108,서울,2022/07/18,26
108,서울,2022/07/19,34
108,서울,2022/07/20,31
108,서울,2022/07/21,13
108,서울,2022/07/22,29
108,서울,2022/07/23,33
108,서울,2022/07/24,18
108,서울,2022/07/25,24
108,서울,2022/07/26,33
108,서울,2022/07/27,38
108,서울,2022/07/28,28
108,서울,2022/07/29,25
108,서울,2022/07/30,23
108,서울,2022/07/31,13
108,서울,2022/08/01,21
108,서울,2022/08/03,26
108,서울,2022/08/04,21
108,서울,2022/08/05,18
108,서울,2022/08/06,33
108,서울,2022/08/07,26
108,서울,2022/08/10,20
108,서울,2022/08/11,15
108,서울,2022/08/12,27
108,서울,2022/08/13,28
108,서울,2022/08/14,23
108,서울,2022/08/15,24
108,서울,2022/08/16,24
108,서울,2022/08/17,24
108,서울,2022/08/18,23
108,서울,2022/08/19,26
108,서울,2022/08/20,25
108,서울,2022/08/21,27
108,서울,2022/08/22,24
108,서울,2022/08/23,18
108,서울,2022/08/24,18
108,서울,2022/08/25,19
108,서울,2022/08/26,33
108,서울,2022/08/27,20
108,서울,2022/08/28,18
108,서울,2022/08/29,13
108,서울,2022/08/30,8
108,서울,2022/08/31,11
108,서울,2022/09/01,19
108,서울,2022/09/02,18
108,서울,2022/09/03,13
108,서울,2022/09/04,12
108,서울,2022/09/07,31
108,서울,2022/09/08,30
108,서울,2022/09/09,22
108,서울,2022/09/10,14
108,서울,2022/09/11,20
108,서울,2022/09/12,22
108,서울,2022/09/13,19
108,서울,2022/09/14,19
108,서울,2022/09/15,21
108,서울,2022/09/16,24
108,서울,2022/09/17,21
108,서울,2022/09/18,22
108,서울,2022/09/19,16
108,서울,2022/09/20,26
108,서울,2022/09/21,30
108,서울,2022/09/22,31
108,서울,2022/09/23,26
108,서울,2022/09/24,20
108,서울,2022/09/25,24
108,서울,2022/09/26,27
108,서울,2022/09/27,27
108,서울,2022/09/28,36
108,서울,2022/09/29,52
108,서울,2022/09/30,50
108,서울,2022/10/01,48
108,서울,2022/10/02,31
108,서울,2022/10/03,14
108,서울,2022/10/04,17
108,서울,2022/10/05,19
108,서울,2022/10/07,15
108,서울,2022/10/09,10
108,서울,2022/10/11,24
108,서울,2022/10/12,25
108,서울,2022/10/13,24
108,서울,2022/10/14,28
108,서울,2022/10/15,34
108,서울,2022/10/16,38
108,서울,2022/10/17,30
108,서울,2022/10/18,25
108,서울,2022/10/19,28
108,서울,2022/10/20,39
108,서울,2022/10/21,50
108,서울,2022/10/22,35
108,서울,2022/10/23,37
108,서울,2022/10/24,28
108,서울,2022/10/27,32
108,서울,2022/10/28,43
108,서울,2022/10/29,26
108,서울,2022/10/30,26
108,서울,2022/10/31,27
108,서울,2022/11/01,42
108,서울,2022/11/02,33
108,서울,2022/11/03,28
108,서울,2022/11/04,27
108,서울,2022/11/05,34
108,서울,2022/11/06,29
108,서울,2022/11/07,36
108,서울,2022/11/08,41
108,서울,2022/11/09,65
108,서울,2022/11/10,69
108,서울,2022/11/11,53
108,서울,2022/11/12,45
108,서울,2022/11/13,17
108,서울,2022/11/14,23
108,서울,2022/11/15,31
108,서울,2022/11/16,27
108,서울,2022/11/17,38
108,서울,2022/11/18,38
108,서울,2022/11/19,31
108,서울,2022/11/20,29
108,서울,2022/11/21,36
108,서울,2022/11/22,53
108,서울,2022/11/23,37
108,서울,2022/11/24,49
108,서울,2022/11/25,52
108,서울,2022/11/26,64
108,서울,2022/11/27,22
108,서울,2022/11/28,30
108,서울,2022/11/29,17
108,서울,2022/11/30,24
108,서울,2022/12/01,25
108,서울,2022/12/02,23
108,서울,2022/12/03,36
108,서울,2022/12/04,16
108,서울,2022/12/05,22
108,서울,2022/12/06,30
108,서울,2022/12/07,37
108,서울,2022/12/08,31
108,서울,2022/12/09,39
108,서울,2022/12/10,37
108,서울,2022/12/11,43
108,서울,2022/12/12,32
108,서울,2022/12/13,247
108,서울,2022/12/14,59
108,서울,2022/12/15,34
108,서울,2022/12/16,31
108,서울,2022/12/17,25
108,서울,2022/12/18,23
108,서울,2022/12/19,23
108,서울,2022/12/20,33
108,서울,2022/12/21,39
108,서울,2022/12/22,30
108,서울,2022/12/23,22
108,서울,2022/12/24,30
108,서울,2022/12/25,41
108,서울,2022/12/26,46
108,서울,2022/12/27,46
108,서울,2022/12/28,35
108,서울,2022/12/29,30
108,서울,2022/12/30,34
108,서울,2022/12/31,48
108,서울,2023/01/01,55
108,서울,2023/01/02,26
108,서울,2023/01/03,30
108,서울,2023/01/04,35
108,서울,2023/01/05,48
108,서울,2023/01/06,72
108,서울,2023/01/07,126
108,서울,2023/01/08,161
108,서울,2023/01/09,106
108,서울,2023/01/10,68
108,서울,2023/01/11,75
108,서울,2023/01/12,50
108,서울,2023/01/13,16
108,서울,2023/01/16,23
108,서울,2023/01/17,34
108,서울,2023/01/18,58
108,서울,2023/01/19,73
108,서울,2023/01/20,75
108,서울,2023/01/21,28
108,서울,2023/01/22,30
108,서울,2023/01/23,60
108,서울,2023/01/24,34
108,서울,2023/01/25,24
108,서울,2023/01/26,30
108,서울,2023/01/27,48
108,서울,2023/01/28,43
108,서울,2023/01/29,55
108,서울,2023/01/30,51
108,서울,2023/01/31,42
108,서울,2023/02/01,63
108,서울,2023/02/02,50
108,서울,2023/02/03,43
108,서울,2023/02/04,39
108,서울,2023/02/05,63
108,서울,2023/02/06,70
108,서울,2023/02/07,74
108,서울,2023/02/08,68
108,서울,2023/02/09,35
108,서울,2023/02/10,21
108,서울,2023/02/11,41
108,서울,2023/02/12,67
108,서울,2023/02/13,31
108,서울,2023/02/14,42
108,서울,2023/02/15,18
108,서울,2023/02/16,26
108,서울,2023/02/17,40
108,서울,2023/02/18,76
108,서울,2023/02/19,39
108,서울,2023/02/20,46
108,서울,2023/02/21,34
108,서울,2023/02/22,40
108,서울,2023/02/23,39
108,서울,2023/02/24,44
108,서울,2023/02/25,42
108,서울,2023/02/26,38
108,서울,2023/02/27,47
108,서울,2023/02/28,33
108,서울,2023/03/01,33
108,서울,2023/03/02,61
108,서울,2023/03/03,44
108,서울,2023/03/04,65
108,서울,2023/03/05,61
108,서울,2023/03/06,49
108,서울,2023/03/07,59
108,서울,2023/03/08,61
108,서울,2023/03/09,59
108,서울,2023/03/10,96
108,서울,2023/03/11,104
108,서울,2023/03/12,54
108,서울,2023/03/13,40
108,서울,2023/03/14,47
108,서울,2023/03/15,55
108,서울,2023/03/16,71
108,서울,2023/03/17,46
108,서울,2023/03/18,66
108,서울,2023/03/19,98
108,서울,2023/03/20,78
108,서울,2023/03/21,55
108,서울,2023/03/22,63
108,서울,2023/03/23,129
108,서울,2023/03/24,161
108,서울,2023/03/25,117
108,서울,2023/03/26,68
108,서울,2023/03/27,51
108,서울,2023/03/28,66
108,서울,2023/03/29,71
108,서울,2023/03/30,91
108,서울,2023/03/31,103
108,서울,2023/04/01,88
108,서울,2023/04/02,52
108,서울,2023/04/03,52
108,서울,2023/04/04,32
108,서울,2023/04/06,63
108,서울,2023/04/07,93
108,서울,2023/04/08,46
108,서울,2023/04/09,67
108,서울,2023/04/10,48
108,서울,2023/04/11,68
108,서울,2023/04/12,333
108,서울,2023/04/13,226
108,서울,2023/04/14,109
108,서울,2023/04/15,61
108,서울,2023/04/16,118
108,서울,2023/04/17,117
108,서울,2023/04/18,55
108,서울,2023/04/19,44
108,서울,2023/04/20,15
108,서울,2023/04/21,64
108,서울,2023/04/22,62
108,서울,2023/04/23,59
108,서울,2023/04/24,60
108,서울,2023/04/25,31
108,서울,2023/04/26,28
108,서울,2023/04/27,43
108,서울,2023/04/28,38
108,서울,2023/04/29,25
108,서울,2023/04/30,47
108,서울,2023/05/01,54
108,서울,2023/05/02,39
108,서울,2023/05/03,47
108,서울,2023/05/04,48
108,서울,2023/05/07,36
108,서울,2023/05/08,42
108,서울,2023/05/09,57
108,서울,2023/05/10,59
108,서울,2023/05/11,51
108,서울,2023/05/12,52
108,서울,2023/05/13,38
108,서울,2023/05/14,25
108,서울,2023/05/15,38
108,서울,2023/05/16,62
108,서울,2023/05/17,37
108,서울,2023/05/18,33
108,서울,2023/05/19,24
108,서울,2023/05/20,28
108,서울,2023/05/21,89
108,서울,2023/05/22,148
108,서울,2023/05/23,67
108,서울,2023/05/24,40
108,서울,2023/05/25,37
108,서울,2023/05/26,35
108,서울,2023/05/27,26
108,서울,2023/05/28,11
108,서울,2023/05/29,19
108,서울,2023/05/30,34
108,서울,2023/05/31,31
108,서울,2023/06/01,38
108,서울,2023/06/02,29
108,서울,2023/06/03,38
108,서울,2023/06/04,39
108,서울,2023/06/05,32
108,서울,2023/06/06,22
108,서울,2023/06/07,37
108,서울,2023/06/08,22
108,서울,2023/06/10,34
108,서울,2023/06/11,24
108,서울,2023/06/12,29
108,서울,2023/06/13,27
108,서울,2023/06/14,26
108,서울,2023/06/15,30
108,서울,2023/06/16,25
108,서울,2023/06/17,21
108,서울,2023/06/18,26
108,서울,2023/06/19,50
108,서울,2023/06/20,36
108,서울,2023/06/21,11
108,서울,2023/06/22,23
108,서울,2023/06/23,33
108,서울,2023/06/24,39
108,서울,2023/06/25,32
108,서울,2023/06/26,16
108,서울,2023/06/27,18
108,서울,2023/06/28,33
108,서울,2023/06/29,33
108,서울,2023/06/30,33
108,서울,2023/07/01,27
108,서울,2023/07/02,21
108,서울,2023/07/03,33
108,서울,2023/07/04,33
108,서울,2023/07/05,26
108,서울,2023/07/06,49
108,서울,2023/07/07,47
108,서울,2023/07/08,13
108,서울,2023/07/10,32
108,서울,2023/07/11,20
108,서울,2023/07/12,25
108,서울,2023/07/13,24
108,서울,2023/07/14,17
108,서울,2023/07/15,22
108,서울,2023/07/16,31
108,서울,2023/07/17,27
108,서울,2023/07/18,21
108,서울,2023/07/19,32
108,서울,2023/07/20,56
108,서울,2023/07/21,65
108,서울,2023/07/22,33
108,서울,2023/07/23,10
108,서울,2023/07/24,21
108,서울,2023/07/25,18
108,서울,2023/07/26,14
108,서울,2023/07/27,24
108,서울,2023/07/28,33
108,서울,2023/07/29,33
108,서울,2023/07/30,19
108,서울,2023/07/31,32
108,서울,2023/08/01,31
108,서울,2023/08/02,33
108,서울,2023/08/03,23
108,서울,2023/08/04,22
108,서울,2023/08/05,20
108,서울,2023/08/06,23
108,서울,2023/08/07,11
108,서울,2023/08/11,19
108,서울,2023/08/12,18
108,서울,2023/08/13,29
108,서울,2023/08/14,40
108,서울,2023/08/15,28
108,서울,2023/08/16,21
108,서울,2023/08/17,28
108,서울,2023/08/18,38
108,서울,2023/08/19,26
108,서울,2023/08/20,26
108,서울,2023/08/21,25
108,서울,2023/08/22,22
108,서울,2023/08/23,10
108,서울,2023/08/24,10
108,서울,2023/08/25,20
108,서울,2023/08/26,38
108,서울,2023/08/27,29
108,서울,2023/08/28,14
108,서울,2023/08/29,16
108,서울,2023/08/30,19
108,서울,2023/08/31,21
108,서울,2023/09/01,26
108,서울,2023/09/02,30
108,서울,2023/09/03,21
108,서울,2023/09/04,20
108,서울,2023/09/05,19
108,서울,2023/09/06,19
108,서울,2023/09/07,18
108,서울,2023/09/09,32
108,서울,2023/09/10,38
108,서울,2023/09/11,29
108,서울,2023/09/12,31
108,서울,2023/09/13,23
108,서울,2023/09/14,10
108,서울,2023/09/15,10
108,서울,2023/09/16,11
108,서울,2023/09/17,17
108,서울,2023/09/18,19
108,서울,2023/09/19,28
108,서울,2023/09/20,22
108,서울,2023/09/22,25
108,서울,2023/09/23,19
108,서울,2023/09/24,13
108,서울,2023/09/25,14
108,서울,2023/09/27,12
108,서울,2023/09/28,49
108,서울,2023/09/29,32
108,서울,2023/09/30,29
108,서울,2023/10/01,28
108,서울,2023/10/02,21
108,서울,2023/10/03,21
108,서울,2023/10/04,22
108,서울,2023/10/05,36
108,서울,2023/10/06,27
108,서울,2023/10/07,24
108,서울,2023/10/08,12
108,서울,2023/10/09,16
108,서울,2023/10/10,29
108,서울,2023/10/11,27
108,서울,2023/10/12,30
108,서울,2023/10/13,38
108,서울,2023/10/14,25
108,서울,2023/10/15,26
108,서울,2023/10/16,46
108,서울,2023/10/17,37
108,서울,2023/10/18,33
108,서울,2023/10/19,30
108,서울,2023/10/20,19
108,서울,2023/10/21,21
108,서울,2023/10/22,27
108,서울,2023/10/23,29
108,서울,2023/10/24,32
108,서울,2023/10/25,34
108,서울,2023/10/26,46
108,서울,2023/10/27,28
108,서울,2023/10/28,36
108,서울,2023/10/29,31
108,서울,2023/10/30,40
108,서울,2023/10/31,43
119,수원,2022/04/01,25
119,수원,2022/04/02,46
119,수원,2022/04/03,70
119,수원,2022/04/04,76
119,수원,2022/04/05,73
119,수원,2022/04/06,65
119,수원,2022/04/07,42
119,수원,2022/04/08,52
119,수원,2022/04/09,62
119,수원,2022/04/10,47
119,수원,2022/04/11,39
119,수원,2022/04/12,49
119,수원,2022/04/13,26
119,수원,2022/04/14,16
119,수원,2022/04/15,24
119,수원,2022/04/16,48
119,수원,2022/04/17,69
119,수원,2022/04/18,77
119,수원,2022/04/19,83
119,수원,2022/04/20,96
119,수원,2022/04/21,64
119,수원,2022/04/22,56
119,수원,2022/04/23,66
119,수원,2022/04/24,69
119,수원,2022/04/25,80
119,수원,2022/04/26,42
119,수원,2022/04/27,111
119,수원,2022/04/28,65
119,수원,2022/04/29,20
119,수원,2022/04/30,30
119,수원,2022/05/01,54
119,수원,2022/05/02,66
119,수원,2022/05/03,53
119,수원,2022/05/04,52
119,수원,2022/05/05,42
119,수원,2022/05/06,48
119,수원,2022/05/07,42
119,수원,2022/05/08,28
119,수원,2022/05/09,24
119,수원,2022/05/10,39
119,수원,2022/05/11,39
119,수원,2022/05/12,46
119,수원,2022/05/13,46
119,수원,2022/05/14,39
119,수원,2022/05/15,39
119,수원,2022/05/16,42
119,수원,2022/05/17,63
119,수원,2022/05/18,73
119,수원,2022/05/19,41
119,수원,2022/05/20,50
119,수원,2022/05/21,39
119,수원,2022/05/22,52
119,수원,2022/05/23,71
119,수원,2022/05/24,46
119,수원,2022/05/26,28
119,수원,2022/05/27,27
119,수원,2022/05/28,42
119,수원,2022/05/29,38
119,수원,2022/05/30,36
119,수원,2022/05/31,26
119,수원,2022/06/01,31
119,수원,2022/06/02,34
119,수원,2022/06/03,43
119,수원,2022/06/04,34
119,수원,2022/06/05,27
119,수원,2022/06/07,25
119,수원,2022/06/08,24
119,수원,2022/06/09,31
119,수원,2022/06/10,37
119,수원,2022/06/11,33
119,수원,2022/06/12,26
119,수원,2022/06/13,34
119,수원,2022/06/14,19
119,수원,2022/06/15,24
119,수원,2022/06/16,21
119,수원,2022/06/17,37
119,수원,2022/06/18,27
119,수원,2022/06/19,26
119,수원,2022/06/20,31
119,수원,2022/06/21,26
119,수원,2022/06/22,35
119,수원,2022/06/23,43
119,수원,2022/06/24,24
119,수원,2022/06/25,50
119,수원,2022/06/26,21
119,수원,2022/06/27,18
119,수원,2022/06/28,15
119,수원,2022/06/29,22
119,수원,2022/07/01,36
119,수원,2022/07/02,45
119,수원,2022/07/03,46
119,수원,2022/07/04,43
119,수원,2022/07/05,51
119,수원,2022/07/06,44
119,수원,2022/07/07,26
119,수원,2022/07/08,29
119,수원,2022/07/09,29
119,수원,2022/07/10,41
119,수원,2022/07/11,31
119,수원,2022/07/12,18
119,수원,2022/07/13,29
119,수원,2022/07/14,15
119,수원,2022/07/15,27
119,수원,2022/07/16,31
119,수원,2022/07/17,29
119,수원,2022/07/18,26
119,수원,2022/07/19,38
119,수원,2022/07/20,38
119,수원,2022/07/21,21
119,수원,2022/07/22,33
119,수원,2022/07/23,43
119,수원,2022/07/24,25
119,수원,2022/07/25,23
119,수원,2022/07/26,36
119,수원,2022/07/27,37
119,수원,2022/07/28,29
119,수원,2022/07/29,29
119,수원,2022/07/30,17
119,수원,2022/07/31,17
119,수원,2022/08/01,16
119,수원,2022/08/02,17
119,수원,2022/08/03,26
119,수원,2022/08/04,18
119,수원,2022/08/05,22
119,수원,2022/08/06,35
119,수원,2022/08/07,25
119,수원,2022/08/08,24
119,수원,2022/08/09,13
119,수원,2022/08/10,18
119,수원,2022/08/11,19
119,수원,2022/08/12,23
119,수원,2022/08/13,32
119,수원,2022/08/14,23
119,수원,2022/08/15,19
119,수원,2022/08/16,20
119,수원,2022/08/17,25
119,수원,2022/08/18,33
119,수원,2022/08/19,29
119,수원,2022/08/20,24
119,수원,2022/08/21,28
119,수원,2022/08/22,33
119,수원,2022/08/23,21
119,수원,2022/08/24,18
119,수원,2022/08/25,21
119,수원,2022/08/26,35
119,수원,2022/08/27,22
119,수원,2022/08/28,17
119,수원,2022/09/03,15
119,수원,2022/09/04,15
119,수원,2022/09/05,10
119,수원,2022/09/06,16
119,수원,2022/09/07,36
119,수원,2022/09/08,34
119,수원,2022/09/09,28
119,수원,2022/09/10,15
119,수원,2022/09/11,23
119,수원,2022/09/12,27
119,수원,2022/09/13,25
119,수원,2022/09/14,19
119,수원,2022/09/15,20
119,수원,2022/09/16,25
119,수원,2022/09/17,25
119,수원,2022/09/18,25
119,수원,2022/09/19,18
119,수원,2022/09/20,30
119,수원,2022/09/21,37
119,수원,2022/09/22,26
119,수원,2022/09/23,31
119,수원,2022/09/24,21
119,수원,2022/09/25,30
119,수원,2022/09/26,36
119,수원,2022/09/27,38
119,수원,2022/09/28,53
119,수원,2022/09/29,68
119,수원,2022/09/30,81
119,수원,2022/10/01,91
119,수원,2022/10/02,45
119,수원,2022/10/03,25
119,수원,2022/10/04,19
119,수원,2022/10/05,26
119,수원,2022/10/06,17
119,수원,2022/10/07,18
119,수원,2022/10/08,17
119,수원,2022/10/09,16
119,수원,2022/10/10,16
119,수원,2022/10/11,23
119,수원,2022/10/12,32
119,수원,2022/10/13,31
119,수원,2022/10/14,38
119,수원,2022/10/15,44
119,수원,2022/10/16,57
119,수원,2022/10/17,32
119,수원,2022/10/18,27
119,수원,2022/10/19,31
119,수원,2022/10/20,52
119,수원,2022/10/21,93
119,수원,2022/10/22,74
119,수원,2022/10/23,44
119,수원,2022/10/24,30
119,수원,2022/10/25,22
119,수원,2022/10/26,20
119,수원,2022/10/27,37
119,수원,2022/10/28,73
119,수원,2022/10/29,51
119,수원,2022/10/30,43
119,수원,2022/10/31,38
119,수원,2022/11/01,76
119,수원,2022/11/02,39
119,수원,2022/11/03,41
119,수원,2022/11/04,29
119,수원,2022/11/05,31
119,수원,2022/11/06,33
119,수원,2022/11/07,43
119,수원,2022/11/08,59
119,수원,2022/11/09,87
119,수원,2022/11/10,99
119,수원,2022/11/11,72
119,수원,2022/11/12,65
119,수원,2022/11/13,24
119,수원,2022/11/14,32
119,수원,2022/11/15,36
119,수원,2022/11/16,43
119,수원,2022/11/17,46
119,수원,2022/11/18,59
119,수원,2022/11/19,38
119,수원,2022/11/20,40
119,수원,2022/11/21,61
119,수원,2022/11/22,60
119,수원,2022/11/23,50
119,수원,2022/11/24,60
119,수원,2022/11/25,71
119,수원,2022/11/26,51
119,수원,2022/11/27,24
119,수원,2022/11/28,33
119,수원,2022/11/29,22
119,수원,2022/11/30,20
119,수원,2022/12/01,20
119,수원,2022/12/02,27
119,수원,2022/12/03,42
119,수원,2022/12/04,20
119,수원,2022/12/05,23
119,수원,2022/12/06,43
119,수원,2022/12/07,33
119,수원,2022/12/08,31
119,수원,2022/12/09,52
119,수원,2022/12/10,51
119,수원,2022/12/11,45
119,수원,2022/12/12,39
119,수원,2022/12/13,110
119,수원,2022/12/14,35
119,수원,2022/12/15,39
119,수원,2022/12/16,40
119,수원,2022/12/17,29
119,수원,2022/12/18,22
119,수원,2022/12/19,29
119,수원,2022/12/20,39
119,수원,2022/12/21,48
119,수원,2022/12/22,30
119,수원,2022/12/23,23
119,수원,2022/12/24,36
119,수원,2022/12/25,50
119,수원,2022/12/26,51
119,수원,2022/12/27,59
119,수원,2022/12/28,44
119,수원,2022/12/29,45
119,수원,2022/12/30,49
119,수원,2022/12/31,59
119,수원,2023/01/01,55
119,수원,2023/01/02,26
119,수원,2023/01/03,37
119,수원,2023/01/04,45
119,수원,2023/01/05,71
119,수원,2023/01/06,110
119,수원,2023/01/07,144
119,수원,2023/01/08,99
119,수원,2023/01/09,75
119,수원,2023/01/10,70
119,수원,2023/01/11,108
119,수원,2023/01/12,81
119,수원,2023/01/13,34
119,수원,2023/01/14,17
119,수원,2023/01/15,17
119,수원,2023/01/16,24
119,수원,2023/01/17,35
119,수원,2023/01/18,55
119,수원,2023/01/19,54
119,수원,2023/01/20,55
119,수원,2023/01/21,24
119,수원,2023/01/22,30
119,수원,2023/01/23,54
119,수원,2023/01/24,43
119,수원,2023/01/25,23
119,수원,2023/01/26,62
119,수원,2023/01/27,52
119,수원,2023/01/28,33
119,수원,2023/01/29,45
119,수원,2023/01/30,44
119,수원,2023/01/31,39
119,수원,2023/02/01,63
119,수원,2023/02/02,42
119,수원,2023/02/03,44
119,수원,2023/02/07,104
119,수원,2023/02/08,82
119,수원,2023/02/09,47
119,수원,2023/02/10,32
119,수원,2023/02/11,68
119,수원,2023/02/12,92
119,수원,2023/02/13,35
119,수원,2023/02/14,47
119,수원,2023/02/15,20
119,수원,2023/02/16,35
119,수원,2023/02/17,53
119,수원,2023/02/18,96
119,수원,2023/02/19,60
119,수원,2023/02/20,30
119,수원,2023/02/21,35
119,수원,2023/02/22,54
119,수원,2023/02/23,43
119,수원,2023/02/24,50
119,수원,2023/02/25,37
119,수원,2023/02/26,45
119,수원,2023/02/27,63
119,수원,2023/02/28,51
119,수원,2023/03/01,45
119,수원,2023/03/02,45
119,수원,2023/03/03,35
119,수원,2023/03/04,67
119,수원,2023/03/05,86
119,수원,2023/03/06,68
119,수원,2023/03/07,68
119,수원,2023/03/08,57
119,수원,2023/03/09,64
119,수원,2023/03/10,82
119,수원,2023/03/11,100
119,수원,2023/03/12,53
119,수원,2023/03/13,28
119,수원,2023/03/14,31
119,수원,2023/03/15,38
119,수원,2023/03/16,51
119,수원,2023/03/17,42
119,수원,2023/03/18,60
119,수원,2023/03/19,97
119,수원,2023/03/20,86
119,수원,2023/03/21,94
119,수원,2023/03/22,101
119,수원,2023/03/23,109
119,수원,2023/03/24,117
119,수원,2023/03/25,83
119,수원,2023/03/26,60
119,수원,2023/03/27,57
119,수원,2023/03/28,69
119,수원,2023/03/29,93
119,수원,2023/03/30,103
119,수원,2023/03/31,131
119,수원,2023/04/01,112
119,수원,2023/04/02,76
119,수원,2023/04/03,58
119,수원,2023/04/04,41
119,수원,2023/04/05,31
119,수원,2023/04/06,107
119,수원,2023/04/07,79
119,수원,2023/04/08,32
119,수원,2023/04/09,58
119,수원,2023/04/10,51
119,수원,2023/04/11,55
119,수원,2023/04/12,230
119,수원,2023/04/13,185
119,수원,2023/04/14,93
119,수원,2023/04/15,66
119,수원,2023/04/16,109
119,수원,2023/04/17,101
119,수원,2023/04/18,57
119,수원,2023/04/19,45
119,수원,2023/04/20,41
119,수원,2023/04/21,66
119,수원,2023/04/22,83
119,수원,2023/04/23,89
119,수원,2023/04/24,67
119,수원,2023/04/25,43
119,수원,2023/04/26,38
119,수원,2023/04/27,52
119,수원,2023/04/28,48
119,수원,2023/04/29,34
119,수원,2023/04/30,45
119,수원,2023/05/01,53
119,수원,2023/05/02,45
119,수원,2023/05/03,52
119,수원,2023/05/04,46
119,수원,2023/05/05,15
119,수원,2023/05/06,15
119,수원,2023/05/07,51
119,수원,2023/05/08,47
119,수원,2023/05/09,66
119,수원,2023/05/10,73
119,수원,2023/05/11,61
119,수원,2023/05/12,59
119,수원,2023/05/13,48
119,수원,2023/05/14,34
119,수원,2023/05/15,44
119,수원,2023/05/16,63
119,수원,2023/05/17,38
119,수원,2023/05/18,33
119,수원,2023/05/19,27
119,수원,2023/05/20,33
119,수원,2023/05/21,57
119,수원,2023/05/22,116
119,수원,2023/05/23,59
119,수원,2023/05/24,41
119,수원,2023/05/25,36
119,수원,2023/05/26,33
119,수원,2023/05/27,42
119,수원,2023/05/28,19
119,수원,2023/05/29,18
119,수원,2023/05/30,38
119,수원,2023/05/31,26
119,수원,2023/06/01,43
119,수원,2023/06/02,35
119,수원,2023/06/03,34
119,수원,2023/06/04,40
119,수원,2023/06/05,34
119,수원,2023/06/06,23
119,수원,2023/06/07,31
119,수원,2023/06/08,22
119,수원,2023/06/09,32
119,수원,2023/06/10,38
119,수원,2023/06/11,33
119,수원,2023/06/12,35
119,수원,2023/06/13,29
119,수원,2023/06/14,34
119,수원,2023/06/15,35
119,수원,2023/06/16,38
119,수원,2023/06/17,26
119,수원,2023/06/18,29
119,수원,2023/06/19,44
119,수원,2023/06/20,36
119,수원,2023/06/21,17
119,수원,2023/06/22,27
119,수원,2023/06/23,44
119,수원,2023/06/24,44
119,수원,2023/06/25,29
119,수원,2023/06/26,21
119,수원,2023/06/27,27
119,수원,2023/06/28,37
119,수원,2023/06/29,38
119,수원,2023/06/30,36
119,수원,2023/07/01,33
119,수원,2023/07/02,28
119,수원,2023/07/03,41
119,수원,2023/07/04,37
119,수원,2023/07/05,31
119,수원,2023/07/06,44
119,수원,2023/07/07,37
119,수원,2023/07/08,17
119,수원,2023/07/09,27
119,수원,2023/07/10,34
119,수원,2023/07/11,26
119,수원,2023/07/12,32
119,수원,2023/07/13,29
119,수원,2023/07/14,17
119,수원,2023/07/15,21
119,수원,2023/07/16,30
119,수원,2023/07/17,29
119,수원,2023/07/18,13
119,수원,2023/07/19,30
119,수원,2023/07/20,55
119,수원,2023/07/21,60
119,수원,2023/07/22,34
119,수원,2023/07/23,17
119,수원,2023/07/24,23
119,수원,2023/07/25,23
119,수원,2023/07/26,18
119,수원,2023/07/27,24
119,수원,2023/07/28,34
119,수원,2023/07/29,33
119,수원,2023/07/30,23
119,수원,2023/07/31,37
119,수원,2023/08/01,39
119,수원,2023/08/02,37
119,수원,2023/08/03,26
119,수원,2023/08/04,29
119,수원,2023/08/05,25
119,수원,2023/08/06,28
119,수원,2023/08/07,20
119,수원,2023/08/08,11
119,수원,2023/08/09,13
119,수원,2023/08/10,8
119,수원,2023/08/11,24
119,수원,2023/08/12,24
119,수원,2023/08/13,32
119,수원,2023/08/14,44
119,수원,2023/08/15,36
119,수원,2023/08/16,25
119,수원,2023/08/17,27
119,수원,2023/08/18,36
119,수원,2023/08/19,27
119,수원,2023/08/20,31
119,수원,2023/08/21,28
119,수원,2023/08/22,23
119,수원,2023/08/23,10
119,수원,2023/08/24,11
119,수원,2023/08/25,28
119,수원,2023/08/26,43
119,수원,2023/08/27,33
119,수원,2023/08/28,18
119,수원,2023/08/29,16
119,수원,2023/08/30,25
119,수원,2023/08/31,29
119,수원,2023/09/01,35
119,수원,2023/09/02,37
119,수원,2023/09/03,20
119,수원,2023/09/04,24
119,수원,2023/09/05,23
119,수원,2023/09/06,23
119,수원,2023/09/07,20
119,수원,2023/09/08,21
119,수원,2023/09/09,44
119,수원,2023/09/10,39
119,수원,2023/09/11,33
119,수원,2023/09/12,38
119,수원,2023/09/13,33
119,수원,2023/09/14,10
119,수원,2023/09/15,10
119,수원,2023/09/16,14
119,수원,2023/09/17,22
119,수원,2023/09/18,22
119,수원,2023/09/20,21
119,수원,2023/09/21,15
119,수원,2023/09/22,22
119,수원,2023/09/23,14
119,수원,2023/09/24,6
119,수원,2023/09/25,11
119,수원,2023/09/26,9
119,수원,2023/09/27,12
119,수원,2023/09/28,37
119,수원,2023/09/29,29
119,수원,2023/09/30,18
119,수원,2023/10/01,15
119,수원,2023/10/02,13
119,수원,2023/10/03,14
119,수원,2023/10/04,20
119,수원,2023/10/05,14
119,수원,2023/10/06,15
119,수원,2023/10/07,15
119,수원,2023/10/08,9
119,수원,2023/10/09,10
119,수원,2023/10/10,19
119,수원,2023/10/11,18
119,수원,2023/10/12,22
119,수원,2023/10/13,31
119,수원,2023/10/14,35
119,수원,2023/10/15,22
119,수원,2023/10/16,24
119,수원,2023/10/17,22
119,수원,2023/10/18,25
119,수원,2023/10/19,25
119,수원,2023/10/20,11
119,수원,2023/10/21,13
119,수원,2023/10/22,14
119,수원,2023/10/23,24
119,수원,2023/10/24,36
119,수원,2023/10/25,34
119,수원,2023/10/26,47
119,수원,2023/10/27,23
119,수원,2023/10/28,30
119,수원,2023/10/29,24
119,수원,2023/10/30,35
119,수원,2023/10/31,47
143,대구,2022/04/01,16
143,대구,2022/04/02,28
143,대구,2022/04/03,25
143,대구,2022/04/04,30
143,대구,2022/04/05,30
143,대구,2022/04/06,35
143,대구,2022/04/08,38
143,대구,2022/04/09,43
143,대구,2022/04/10,27
143,대구,2022/04/11,34
143,대구,2022/04/12,32
143,대구,2022/04/13,15
143,대구,2022/04/14,11
143,대구,2022/04/15,21
143,대구,2022/04/16,25
143,대구,2022/04/17,28
143,대구,2022/04/18,36
143,대구,2022/04/19,33
143,대구,2022/04/20,33
143,대구,2022/04/21,29
143,대구,2022/04/22,40
143,대구,2022/04/23,41
143,대구,2022/04/24,44
143,대구,2022/04/25,48
143,대구,2022/04/26,23
143,대구,2022/04/27,61
143,대구,2022/04/28,65
143,대구,2022/04/30,16
143,대구,2022/05/01,39
143,대구,2022/05/02,30
143,대구,2022/05/03,34
143,대구,2022/05/04,38
143,대구,2022/05/05,29
143,대구,2022/05/06,32
143,대구,2022/05/07,28
143,대구,2022/05/08,21
143,대구,2022/05/09,18
143,대구,2022/05/11,30
143,대구,2022/05/12,28
143,대구,2022/05/13,22
143,대구,2022/05/14,30
143,대구,2022/05/15,22
143,대구,2022/05/17,31
143,대구,2022/05/18,39
143,대구,2022/05/19,34
143,대구,2022/05/20,34
143,대구,2022/05/21,33
143,대구,2022/05/22,35
143,대구,2022/05/23,37
143,대구,2022/05/24,45
143,대구,2022/05/25,49
143,대구,2022/05/26,16
143,대구,2022/05/27,24
143,대구,2022/05/28,24
143,대구,2022/05/29,22
143,대구,2022/05/30,23
143,대구,2022/05/31,23
143,대구,2022/06/01,29
143,대구,2022/06/02,26
143,대구,2022/06/03,26
143,대구,2022/06/04,22
143,대구,2022/06/05,13
143,대구,2022/06/07,10
143,대구,2022/06/08,21
143,대구,2022/06/09,20
143,대구,2022/06/10,21
143,대구,2022/06/11,21
143,대구,2022/06/12,14
143,대구,2022/06/13,17
143,대구,2022/06/14,10
143,대구,2022/06/15,16
143,대구,2022/06/16,21
143,대구,2022/06/17,25
143,대구,2022/06/18,24
143,대구,2022/06/19,23
143,대구,2022/06/20,26
143,대구,2022/06/21,20
143,대구,2022/06/22,28
143,대구,2022/06/29,11
143,대구,2022/06/30,11
143,대구,2022/07/01,19
143,대구,2022/07/02,27
143,대구,2022/07/03,24
143,대구,2022/07/04,15
143,대구,2022/07/05,20
143,대구,2022/07/06,24
143,대구,2022/07/07,18
143,대구,2022/07/08,21
143,대구,2022/07/09,17
143,대구,2022/07/10,17
143,대구,2022/07/11,19
143,대구,2022/07/12,11
143,대구,2022/07/13,18
143,대구,2022/07/14,21
143,대구,2022/07/15,15
143,대구,2022/07/16,20
143,대구,2022/07/17,15
143,대구,2022/07/18,15
143,대구,2022/07/19,19
143,대구,2022/07/21,11
143,대구,2022/07/22,11
143,대구,2022/07/23,13
143,대구,2022/07/24,9
143,대구,2022/07/25,11
143,대구,2022/07/26,16
143,대구,2022/07/27,11
143,대구,2022/07/28,11
143,대구,2022/07/29,15
143,대구,2022/07/30,10
143,대구,2022/07/31,10
143,대구,2022/08/01,10
143,대구,2022/08/03,12
143,대구,2022/08/04,9
143,대구,2022/08/05,10
143,대구,2022/08/06,15
143,대구,2022/08/07,19
143,대구,2022/08/08,10
143,대구,2022/08/09,9
143,대구,2022/08/10,10
143,대구,2022/08/11,10
143,대구,2022/08/13,16
143,대구,2022/08/14,15
143,대구,2022/08/15,9
143,대구,2022/08/16,11
143,대구,2022/08/17,13
143,대구,2022/08/18,13
143,대구,2022/08/19,15
143,대구,2022/08/20,12
143,대구,2022/08/21,8
143,대구,2022/08/22,12
143,대구,2022/08/23,20
143,대구,2022/08/25,14
143,대구,2022/08/26,13
143,대구,2022/08/27,16
143,대구,2022/08/28,10
143,대구,2022/08/29,11
143,대구,2022/08/30,9
143,대구,2022/08/31,7
143,대구,2022/09/01,9
143,대구,2022/09/02,9
143,대구,2022/09/03,7
143,대구,2022/09/04,9
143,대구,2022/09/07,13
143,대구,2022/09/08,12
143,대구,2022/09/09,9
143,대구,2022/09/10,9
143,대구,2022/09/11,10
143,대구,2022/09/12,10
143,대구,2022/09/13,9
143,대구,2022/09/14,11
143,대구,2022/09/15,12
143,대구,2022/09/16,14
143,대구,2022/09/17,14
143,대구,2022/09/18,10
143,대구,2022/09/20,15
143,대구,2022/09/21,11
143,대구,2022/09/22,13
143,대구,2022/09/23,14
143,대구,2022/09/24,10
143,대구,2022/09/25,12
143,대구,2022/09/26,16
143,대구,2022/09/27,11
143,대구,2022/09/28,11
143,대구,2022/09/29,16
143,대구,2022/09/30,22
143,대구,2022/10/01,17
143,대구,2022/10/02,15
143,대구,2022/10/03,16
143,대구,2022/10/05,10
143,대구,2022/10/06,9
143,대구,2022/10/08,10
143,대구,2022/10/09,10
143,대구,2022/10/11,12
143,대구,2022/10/12,17
143,대구,2022/10/13,12
143,대구,2022/10/14,13
143,대구,2022/10/15,10
143,대구,2022/10/16,11
143,대구,2022/10/17,20
143,대구,2022/10/19,14
143,대구,2022/10/20,22
143,대구,2022/10/21,24
143,대구,2022/10/22,16
143,대구,2022/10/23,17
143,대구,2022/10/24,16
143,대구,2022/10/26,23
143,대구,2022/10/27,35
143,대구,2022/10/28,34
143,대구,2022/10/29,22
143,대구,2022/10/30,15
143,대구,2022/10/31,21
143,대구,2022/11/01,33
143,대구,2022/11/02,44
143,대구,2022/11/03,37
143,대구,2022/11/04,20
143,대구,2022/11/05,22
143,대구,2022/11/06,29
143,대구,2022/11/07,39
143,대구,2022/11/08,46
143,대구,2022/11/09,47
143,대구,2022/11/10,48
143,대구,2022/11/11,46
143,대구,2022/11/12,38
143,대구,2022/11/13,12
143,대구,2022/11/14,24
143,대구,2022/11/15,23
143,대구,2022/11/16,31
143,대구,2022/11/17,39
143,대구,2022/11/18,46
143,대구,2022/11/19,37
143,대구,2022/11/20,33
143,대구,2022/11/21,32
143,대구,2022/11/22,40
143,대구,2022/11/23,25
143,대구,2022/11/24,35
143,대구,2022/11/25,48
143,대구,2022/11/26,42
143,대구,2022/11/27,38
143,대구,2022/11/28,46
143,대구,2022/11/29,18
143,대구,2022/11/30,13
143,대구,2022/12/01,13
143,대구,2022/12/02,22
143,대구,2022/12/03,33
143,대구,2022/12/04,22
143,대구,2022/12/05,13
143,대구,2022/12/06,30
143,대구,2022/12/07,44
143,대구,2022/12/08,47
143,대구,2022/12/09,51
143,대구,2022/12/10,44
143,대구,2022/12/11,26
143,대구,2022/12/12,35
143,대구,2022/12/13,97
143,대구,2022/12/14,24
143,대구,2022/12/15,29
143,대구,2022/12/16,20
143,대구,2022/12/17,17
143,대구,2022/12/18,15
143,대구,2022/12/19,31
143,대구,2022/12/20,37
143,대구,2022/12/21,37
143,대구,2022/12/22,27
143,대구,2022/12/23,19
143,대구,2022/12/24,22
143,대구,2022/12/25,21
143,대구,2022/12/26,26
143,대구,2022/12/27,28
143,대구,2022/12/28,38
143,대구,2022/12/29,25
143,대구,2022/12/30,30
143,대구,2022/12/31,23
143,대구,2023/01/01,34
143,대구,2023/01/02,12
143,대구,2023/01/03,16
143,대구,2023/01/04,23
143,대구,2023/01/05,58
143,대구,2023/01/06,69
143,대구,2023/01/07,71
143,대구,2023/01/08,72
143,대구,2023/01/09,61
143,대구,2023/01/10,62
143,대구,2023/01/11,51
143,대구,2023/01/12,52
143,대구,2023/01/13,43
143,대구,2023/01/14,15
143,대구,2023/01/15,10
143,대구,2023/01/16,16
143,대구,2023/01/17,20
143,대구,2023/01/18,44
143,대구,2023/01/19,49
143,대구,2023/01/20,53
143,대구,2023/01/21,18
143,대구,2023/01/22,23
143,대구,2023/01/23,39
143,대구,2023/01/24,22
143,대구,2023/01/25,13
143,대구,2023/01/26,24
143,대구,2023/01/27,26
143,대구,2023/01/28,30
143,대구,2023/01/29,41
143,대구,2023/01/30,33
143,대구,2023/01/31,38
143,대구,2023/02/01,44
143,대구,2023/02/02,32
143,대구,2023/02/03,33
143,대구,2023/02/04,32
143,대구,2023/02/05,38
143,대구,2023/02/06,50
143,대구,2023/02/07,45
143,대구,2023/02/08,44
143,대구,2023/02/09,36
143,대구,2023/02/10,13
143,대구,2023/02/11,35
143,대구,2023/02/12,37
143,대구,2023/02/13,30
143,대구,2023/02/14,22
143,대구,2023/02/15,11
143,대구,2023/02/16,22
143,대구,2023/02/17,36
143,대구,2023/02/18,48
143,대구,2023/02/19,32
143,대구,2023/02/20,28
143,대구,2023/02/21,25
143,대구,2023/02/22,31
143,대구,2023/02/23,34
143,대구,2023/02/24,43
143,대구,2023/02/25,27
143,대구,2023/02/26,31
143,대구,2023/02/27,39
143,대구,2023/02/28,36
143,대구,2023/03/01,32
143,대구,2023/03/02,35
143,대구,2023/03/03,43
143,대구,2023/03/04,47
143,대구,2023/03/05,41
143,대구,2023/03/06,46
143,대구,2023/03/07,54
143,대구,2023/03/08,56
143,대구,2023/03/09,59
143,대구,2023/03/10,78
143,대구,2023/03/11,81
143,대구,2023/03/12,48
143,대구,2023/03/13,44
143,대구,2023/03/14,45
143,대구,2023/03/15,36
143,대구,2023/03/16,38
143,대구,2023/03/17,36
143,대구,2023/03/18,38
143,대구,2023/03/19,43
143,대구,2023/03/20,48
143,대구,2023/03/21,53
143,대구,2023/03/22,34
143,대구,2023/03/23,12
143,대구,2023/03/24,96
143,대구,2023/03/25,98
143,대구,2023/03/26,83
143,대구,2023/03/27,35
143,대구,2023/03/28,65
143,대구,2023/03/29,76
143,대구,2023/03/30,62
143,대구,2023/03/31,56
143,대구,2023/04/01,53
143,대구,2023/04/02,34
143,대구,2023/04/03,36
143,대구,2023/04/04,25
143,대구,2023/04/05,13
143,대구,2023/04/06,18
143,대구,2023/04/07,52
143,대구,2023/04/08,31
143,대구,2023/04/09,49
143,대구,2023/04/10,39
143,대구,2023/04/12,232
143,대구,2023/04/13,122
143,대구,2023/04/14,61
143,대구,2023/04/15,31
143,대구,2023/04/16,83
143,대구,2023/04/17,86
143,대구,2023/04/19,45
143,대구,2023/04/20,41
143,대구,2023/04/21,153
143,대구,2023/04/22,264
143,대구,2023/04/23,76
143,대구,2023/04/24,28
143,대구,2023/04/25,21
143,대구,2023/04/26,31
143,대구,2023/04/27,31
143,대구,2023/04/28,29
143,대구,2023/04/29,26
143,대구,2023/04/30,42
143,대구,2023/05/01,40
143,대구,2023/05/02,34
143,대구,2023/05/03,34
143,대구,2023/05/04,28
143,대구,2023/05/07,27
143,대구,2023/05/08,27
143,대구,2023/05/09,35
143,대구,2023/05/10,36
143,대구,2023/05/11,29
143,대구,2023/05/12,27
143,대구,2023/05/13,27
143,대구,2023/05/14,27
143,대구,2023/05/15,38
143,대구,2023/05/16,58
143,대구,2023/05/17,51
143,대구,2023/05/19,16
143,대구,2023/05/20,22
143,대구,2023/05/21,41
143,대구,2023/05/22,114
143,대구,2023/05/23,67
143,대구,2023/05/24,37
143,대구,2023/05/25,26
143,대구,2023/05/26,25
143,대구,2023/05/27,30
143,대구,2023/05/28,16
143,대구,2023/05/30,12
143,대구,2023/05/31,18
143,대구,2023/06/01,22
143,대구,2023/06/02,27
143,대구,2023/06/03,29
143,대구,2023/06/04,22
143,대구,2023/06/05,27
143,대구,2023/06/06,23
143,대구,2023/06/07,32
143,대구,2023/06/08,28
143,대구,2023/06/09,23
143,대구,2023/06/10,30
143,대구,2023/06/11,21
143,대구,2023/06/12,18
143,대구,2023/06/13,23
143,대구,2023/06/14,21
143,대구,2023/06/15,17
143,대구,2023/06/16,25
143,대구,2023/06/17,31
143,대구,2023/06/18,30
143,대구,2023/06/19,29
143,대구,2023/06/20,19
143,대구,2023/06/21,15
143,대구,2023/06/22,19
143,대구,2023/06/23,17
143,대구,2023/06/24,17
143,대구,2023/06/25,17
143,대구,2023/06/26,12
143,대구,2023/06/27,16
143,대구,2023/06/28,15
143,대구,2023/06/29,22
143,대구,2023/06/30,14
143,대구,2023/07/01,21
143,대구,2023/07/02,31
143,대구,2023/07/03,34
143,대구,2023/07/04,17
143,대구,2023/07/06,43
143,대구,2023/07/08,24
143,대구,2023/07/09,36
143,대구,2023/07/10,29
143,대구,2023/07/11,23
143,대구,2023/07/12,21
143,대구,2023/07/13,25
143,대구,2023/07/14,13
143,대구,2023/07/15,15
143,대구,2023/07/16,17
143,대구,2023/07/17,12
143,대구,2023/07/18,11
143,대구,2023/07/19,12
143,대구,2023/07/20,31
143,대구,2023/07/21,36
143,대구,2023/07/22,15
143,대구,2023/07/23,10
143,대구,2023/07/24,11
143,대구,2023/07/25,17
143,대구,2023/07/26,18
143,대구,2023/07/27,25
143,대구,2023/07/28,34
143,대구,2023/07/29,31
143,대구,2023/07/30,26
143,대구,2023/07/31,27
143,대구,2023/08/01,23
143,대구,2023/08/02,20
143,대구,2023/08/03,21
143,대구,2023/08/04,20
143,대구,2023/08/05,19
143,대구,2023/08/06,16
143,대구,2023/08/07,12
143,대구,2023/08/08,11
143,대구,2023/08/09,11
143,대구,2023/08/11,16
143,대구,2023/08/12,23
143,대구,2023/08/13,27
143,대구,2023/08/14,18
143,대구,2023/08/15,14
143,대구,2023/08/16,24
143,대구,2023/08/17,18
143,대구,2023/08/18,13
143,대구,2023/08/19,24
143,대구,2023/08/20,21
143,대구,2023/08/21,25
143,대구,2023/08/22,27
143,대구,2023/08/23,21
143,대구,2023/08/24,10
143,대구,2023/08/25,15
143,대구,2023/08/26,21
143,대구,2023/08/27,19
143,대구,2023/08/28,16
143,대구,2023/08/29,15
143,대구,2023/08/30,11
143,대구,2023/08/31,12
143,대구,2023/09/01,22
143,대구,2023/09/02,20
143,대구,2023/09/03,16
143,대구,2023/09/04,13
143,대구,2023/09/05,13
143,대구,2023/09/06,16
143,대구,2023/09/07,16
143,대구,2023/09/08,13
143,대구,2023/09/09,13
143,대구,2023/09/10,13
143,대구,2023/09/11,17
143,대구,2023/09/12,24
143,대구,2023/09/13,23
143,대구,2023/09/14,9
143,대구,2023/09/15,9
143,대구,2023/09/16,17
143,대구,2023/09/17,13
143,대구,2023/09/18,16
143,대구,2023/09/19,24
143,대구,2023/09/20,29
143,대구,2023/09/21,9
143,대구,2023/09/22,14
143,대구,2023/09/23,15
143,대구,2023/09/24,12
143,대구,2023/09/25,15
143,대구,2023/09/26,11
143,대구,2023/09/27,15
143,대구,2023/09/28,22
143,대구,2023/09/29,38
143,대구,2023/09/30,22
143,대구,2023/10/01,24
143,대구,2023/10/02,16
143,대구,2023/10/03,19
143,대구,2023/10/04,22
143,대구,2023/10/05,26
143,대구,2023/10/06,22
143,대구,2023/10/07,18
143,대구,2023/10/08,13
143,대구,2023/10/09,13
143,대구,2023/10/10,16
143,대구,2023/10/11,21
143,대구,2023/10/12,21
143,대구,2023/10/13,26
143,대구,2023/10/14,27
143,대구,2023/10/15,20
143,대구,2023/10/16,30
143,대구,2023/10/17,25
143,대구,2023/10/19,29
143,대구,2023/10/21,21
143,대구,2023/10/22,21
143,대구,2023/10/23,30
143,대구,2023/10/24,31
143,대구,2023/10/25,32
143,대구,2023/10/26,43
143,대구,2023/10/27,29
143,대구,2023/10/28,23
143,대구,2023/10/29,24
143,대구,2023/10/30,33
143,대구,2023/10/31,41
156,광주,2022/04/01,22
156,광주,2022/04/02,21
156,광주,2022/04/03,28
156,광주,2022/04/04,34
156,광주,2022/04/05,32
156,광주,2022/04/06,34
156,광주,2022/04/07,28
156,광주,2022/04/08,37
156,광주,2022/04/09,34
156,광주,2022/04/10,28
156,광주,2022/04/11,39
156,광주,2022/04/13,17
156,광주,2022/04/14,15
156,광주,2022/04/16,39
156,광주,2022/04/17,32
156,광주,2022/04/18,33
156,광주,2022/04/19,29
156,광주,2022/04/20,33
156,광주,2022/04/21,29
156,광주,2022/04/22,35
156,광주,2022/04/23,36
156,광주,2022/04/24,39
156,광주,2022/04/25,36
156,광주,2022/04/27,86
156,광주,2022/04/28,92
156,광주,2022/05/01,35
156,광주,2022/05/02,30
156,광주,2022/05/03,33
156,광주,2022/05/04,34
156,광주,2022/05/05,30
156,광주,2022/05/06,31
156,광주,2022/05/07,24
156,광주,2022/05/08,29
156,광주,2022/05/09,25
156,광주,2022/05/10,25
156,광주,2022/05/11,31
156,광주,2022/05/12,33
156,광주,2022/05/13,25
156,광주,2022/05/14,29
156,광주,2022/05/16,38
156,광주,2022/05/17,50
156,광주,2022/05/18,45
156,광주,2022/05/19,32
156,광주,2022/05/20,46
156,광주,2022/05/22,43
156,광주,2022/05/23,38
156,광주,2022/05/24,38
156,광주,2022/05/26,16
156,광주,2022/05/27,33
156,광주,2022/05/28,29
156,광주,2022/05/29,19
156,광주,2022/05/30,19
156,광주,2022/06/01,23
156,광주,2022/06/02,21
156,광주,2022/06/03,29
156,광주,2022/06/04,23
156,광주,2022/06/06,18
156,광주,2022/06/07,16
156,광주,2022/06/08,22
156,광주,2022/06/09,25
156,광주,2022/06/10,21
156,광주,2022/06/11,28
156,광주,2022/06/12,33
156,광주,2022/06/13,22
156,광주,2022/06/16,21
156,광주,2022/06/17,21
156,광주,2022/06/18,12
156,광주,2022/06/19,14
156,광주,2022/06/20,17
156,광주,2022/06/21,27
156,광주,2022/06/22,24
156,광주,2022/06/23,16
156,광주,2022/06/25,27
156,광주,2022/06/26,13
156,광주,2022/06/27,11
156,광주,2022/06/28,13
156,광주,2022/06/29,11
156,광주,2022/06/30,13
156,광주,2022/07/01,12
156,광주,2022/07/02,24
156,광주,2022/07/03,29
156,광주,2022/07/04,16
156,광주,2022/07/05,28
156,광주,2022/07/06,15
156,광주,2022/07/07,13
156,광주,2022/07/08,21
156,광주,2022/07/09,19
156,광주,2022/07/10,25
156,광주,2022/07/12,13
156,광주,2022/07/13,14
156,광주,2022/07/14,16
156,광주,2022/07/15,16
156,광주,2022/07/16,20
156,광주,2022/07/17,21
156,광주,2022/07/18,21
156,광주,2022/07/19,17
156,광주,2022/07/20,23
156,광주,2022/07/21,20
156,광주,2022/07/22,18
156,광주,2022/07/23,26
156,광주,2022/07/24,11
156,광주,2022/07/25,14
156,광주,2022/07/26,30
156,광주,2022/07/27,25
156,광주,2022/07/28,25
156,광주,2022/07/29,18
156,광주,2022/07/30,11
156,광주,2022/07/31,10
156,광주,2022/08/01,11
156,광주,2022/08/02,14
156,광주,2022/08/04,11
156,광주,2022/08/05,14
156,광주,2022/08/06,18
156,광주,2022/08/07,19
156,광주,2022/08/08,14
156,광주,2022/08/09,11
156,광주,2022/08/10,13
156,광주,2022/08/11,14
156,광주,2022/08/12,16
156,광주,2022/08/13,19
156,광주,2022/08/14,16
156,광주,2022/08/15,13
156,광주,2022/08/16,12
156,광주,2022/08/17,14
156,광주,2022/08/18,21
156,광주,2022/08/19,19
156,광주,2022/08/20,18
156,광주,2022/08/21,19
156,광주,2022/08/22,19
156,광주,2022/08/23,19
156,광주,2022/08/24,27
156,광주,2022/08/25,16
156,광주,2022/08/26,18
156,광주,2022/08/27,23
156,광주,2022/08/29,17
156,광주,2022/08/30,24
156,광주,2022/08/31,15
156,광주,2022/09/01,14
156,광주,2022/09/02,11
156,광주,2022/09/04,11
156,광주,2022/09/05,12
156,광주,2022/09/07,23
156,광주,2022/09/08,23
156,광주,2022/09/09,20
156,광주,2022/09/10,14
156,광주,2022/09/11,13
156,광주,2022/09/12,19
156,광주,2022/09/13,17
156,광주,2022/09/14,14
156,광주,2022/09/15,17
156,광주,2022/09/16,22
156,광주,2022/09/17,19
156,광주,2022/09/18,14
156,광주,2022/09/19,24
156,광주,2022/09/20,24
156,광주,2022/09/21,18
156,광주,2022/09/22,19
156,광주,2022/09/23,21
156,광주,2022/09/24,21
156,광주,2022/09/25,18
156,광주,2022/09/26,20
156,광주,2022/09/27,22
156,광주,2022/09/28,32
156,광주,2022/09/29,57
156,광주,2022/10/01,35
156,광주,2022/10/02,25
156,광주,2022/10/03,20
156,광주,2022/10/05,21
156,광주,2022/10/06,21
156,광주,2022/10/14,25
156,광주,2022/10/15,28
156,광주,2022/10/16,25
156,광주,2022/10/21,27
156,광주,2022/10/22,25
156,광주,2022/10/27,30
156,광주,2022/10/28,34
156,광주,2022/10/29,33
156,광주,2022/10/30,25
156,광주,2022/11/01,31
156,광주,2022/11/02,34
156,광주,2022/11/06,26
156,광주,2022/11/07,33
156,광주,2022/11/08,33
156,광주,2022/11/09,37
156,광주,2022/11/10,40
156,광주,2022/11/11,39
156,광주,2022/11/12,32
156,광주,2022/11/14,25
156,광주,2022/11/15,22
156,광주,2022/11/16,32
156,광주,2022/11/17,26
156,광주,2022/11/18,30
156,광주,2022/11/19,30
156,광주,2022/11/20,23
156,광주,2022/11/21,29
156,광주,2022/11/22,25
156,광주,2022/11/24,29
156,광주,2022/11/25,37
156,광주,2022/11/26,40
156,광주,2022/11/27,36
156,광주,2022/11/28,27
156,광주,2022/11/29,10
156,광주,2022/11/30,14
156,광주,2022/12/01,10
156,광주,2022/12/02,14
156,광주,2022/12/03,26
156,광주,2022/12/04,19
156,광주,2022/12/05,10
156,광주,2022/12/06,26
156,광주,2022/12/07,35
156,광주,2022/12/08,29
156,광주,2022/12/09,34
156,광주,2022/12/10,39
156,광주,2022/12/11,24
156,광주,2022/12/12,21
156,광주,2022/12/13,149
156,광주,2022/12/14,16
156,광주,2022/12/15,21
156,광주,2022/12/16,21
156,광주,2022/12/17,20
156,광주,2022/12/18,14
156,광주,2022/12/19,21
156,광주,2022/12/20,29
156,광주,2022/12/21,29
156,광주,2022/12/22,23
156,광주,2022/12/23,10
156,광주,2022/12/24,16
156,광주,2022/12/25,19
156,광주,2022/12/26,19
156,광주,2022/12/27,20
156,광주,2022/12/28,29
156,광주,2022/12/29,22
156,광주,2022/12/30,29
156,광주,2022/12/31,22
156,광주,2023/01/01,33
156,광주,2023/01/02,13
156,광주,2023/01/03,15
156,광주,2023/01/04,30
156,광주,2023/01/05,54
156,광주,2023/01/06,76
156,광주,2023/01/07,170
156,광주,2023/01/08,102
156,광주,2023/01/09,64
156,광주,2023/01/10,51
156,광주,2023/01/11,46
156,광주,2023/01/12,36
156,광주,2023/01/13,9
156,광주,2023/01/15,17
156,광주,2023/01/16,16
156,광주,2023/01/17,16
156,광주,2023/01/18,43
156,광주,2023/01/19,54
156,광주,2023/01/20,57
156,광주,2023/01/21,15
156,광주,2023/01/22,17
156,광주,2023/01/23,41
156,광주,2023/01/24,31
156,광주,2023/01/25,12
156,광주,2023/01/26,17
156,광주,2023/01/27,27
156,광주,2023/01/28,26
156,광주,2023/01/29,40
156,광주,2023/01/30,32
156,광주,2023/01/31,30
156,광주,2023/02/01,38
156,광주,2023/02/02,30
156,광주,2023/02/03,24
156,광주,2023/02/04,30
156,광주,2023/02/05,38
156,광주,2023/02/06,38
156,광주,2023/02/07,44
156,광주,2023/02/08,51
156,광주,2023/02/09,35
156,광주,2023/02/11,28
156,광주,2023/02/12,26
156,광주,2023/02/13,28
156,광주,2023/02/14,32
156,광주,2023/02/15,31
156,광주,2023/02/16,28
156,광주,2023/02/17,26
156,광주,2023/02/18,29
156,광주,2023/02/19,23
156,광주,2023/02/20,33
156,광주,2023/02/21,23
156,광주,2023/02/22,30
156,광주,2023/02/23,24
156,광주,2023/02/24,38
156,광주,2023/02/25,23
156,광주,2023/02/26,23
156,광주,2023/02/27,34
156,광주,2023/02/28,39
156,광주,2023/03/01,25
156,광주,2023/03/02,29
156,광주,2023/03/03,33
156,광주,2023/03/04,44
156,광주,2023/03/05,46
156,광주,2023/03/06,51
156,광주,2023/03/07,54
156,광주,2023/03/08,47
156,광주,2023/03/09,48
156,광주,2023/03/10,70
156,광주,2023/03/11,84
156,광주,2023/03/13,31
156,광주,2023/03/14,43
156,광주,2023/03/15,35
156,광주,2023/03/16,46
156,광주,2023/03/17,38
156,광주,2023/03/18,39
156,광주,2023/03/19,54
156,광주,2023/03/20,55
156,광주,2023/03/21,46
156,광주,2023/03/22,26
156,광주,2023/03/24,135
156,광주,2023/03/25,60
156,광주,2023/03/26,54
156,광주,2023/03/27,33
156,광주,2023/03/28,71
156,광주,2023/03/29,65
156,광주,2023/03/30,55
156,광주,2023/04/01,45
156,광주,2023/04/02,33
156,광주,2023/04/03,37
156,광주,2023/04/04,27
156,광주,2023/04/05,10
156,광주,2023/04/06,66
156,광주,2023/04/07,55
156,광주,2023/04/08,44
156,광주,2023/04/09,63
156,광주,2023/04/10,42
156,광주,2023/04/11,33
156,광주,2023/04/12,224
156,광주,2023/04/13,101
156,광주,2023/04/14,41
156,광주,2023/04/15,35
156,광주,2023/04/16,80
156,광주,2023/04/17,77
156,광주,2023/04/18,52
156,광주,2023/04/19,22
156,광주,2023/04/20,25
156,광주,2023/04/21,37
156,광주,2023/04/22,141
156,광주,2023/04/23,85
156,광주,2023/04/24,35
156,광주,2023/04/25,15
156,광주,2023/04/26,34
156,광주,2023/04/27,38
156,광주,2023/04/28,28
156,광주,2023/04/29,20
156,광주,2023/05/01,39
156,광주,2023/05/02,32
156,광주,2023/05/03,25
156,광주,2023/05/04,14
156,광주,2023/05/08,28
156,광주,2023/05/09,31
156,광주,2023/05/10,31
156,광주,2023/05/11,35
156,광주,2023/05/12,33
156,광주,2023/05/13,22
156,광주,2023/05/14,22
156,광주,2023/05/15,30
156,광주,2023/05/16,38
156,광주,2023/05/17,32
156,광주,2023/05/19,19
156,광주,2023/05/20,20
156,광주,2023/05/22,92
156,광주,2023/05/23,87
156,광주,2023/05/24,47
156,광주,2023/05/25,35
156,광주,2023/05/26,29
156,광주,2023/05/27,26
156,광주,2023/05/28,13
156,광주,2023/05/30,15
156,광주,2023/05/31,18
156,광주,2023/06/01,19
156,광주,2023/06/02,20
156,광주,2023/06/03,28
156,광주,2023/06/04,23
156,광주,2023/06/05,21
156,광주,2023/06/06,19
156,광주,2023/06/07,21
156,광주,2023/06/08,13
156,광주,2023/06/09,19
156,광주,2023/06/10,18
156,광주,2023/06/11,12
156,광주,2023/06/12,18
156,광주,2023/06/13,19
156,광주,2023/06/14,18
156,광주,2023/06/15,17
156,광주,2023/06/16,22
156,광주,2023/06/17,23
156,광주,2023/06/18,21
156,광주,2023/06/19,30
156,광주,2023/06/20,23
156,광주,2023/06/21,9
156,광주,2023/06/22,13
156,광주,2023/06/23,18
156,광주,2023/06/24,16
156,광주,2023/06/25,14
156,광주,2023/06/26,8
156,광주,2023/06/29,17
156,광주,2023/07/01,14
156,광주,2023/07/02,20
156,광주,2023/07/03,16
156,광주,2023/07/04,7
156,광주,2023/07/06,29
156,광주,2023/07/10,26
156,광주,2023/07/13,21
156,광주,2023/07/14,17
156,광주,2023/07/15,10
156,광주,2023/07/16,11
156,광주,2023/07/19,14
156,광주,2023/07/20,31
156,광주,2023/07/21,27
156,광주,2023/07/22,10
156,광주,2023/07/23,11
156,광주,2023/07/25,12
156,광주,2023/07/26,14
156,광주,2023/07/27,20
156,광주,2023/07/28,23
156,광주,2023/07/29,19
156,광주,2023/07/30,20
156,광주,2023/07/31,17
156,광주,2023/08/01,19
156,광주,2023/08/02,19
156,광주,2023/08/03,16
156,광주,2023/08/04,13
156,광주,2023/08/05,18
156,광주,2023/08/06,20
156,광주,2023/08/07,17
156,광주,2023/08/08,15
156,광주,2023/08/11,18
156,광주,2023/08/12,24
156,광주,2023/08/13,27
156,광주,2023/08/14,29
156,광주,2023/08/15,24
156,광주,2023/08/16,24
156,광주,2023/08/17,16
156,광주,2023/08/18,17
156,광주,2023/08/19,19
156,광주,2023/08/20,19
156,광주,2023/08/21,15
156,광주,2023/08/22,17
156,광주,2023/08/24,12
156,광주,2023/08/25,15
156,광주,2023/08/26,19
156,광주,2023/08/27,23
156,광주,2023/08/28,14
156,광주,2023/08/30,10
156,광주,2023/08/31,14
156,광주,2023/09/01,17
156,광주,2023/09/02,14
156,광주,2023/09/03,16
156,광주,2023/09/04,20
156,광주,2023/09/05,13
156,광주,2023/09/06,16
156,광주,2023/09/07,17
156,광주,2023/09/08,13
156,광주,2023/09/09,17
156,광주,2023/09/10,20
156,광주,2023/09/11,22
156,광주,2023/09/12,18
156,광주,2023/09/13,17
156,광주,2023/09/14,11
156,광주,2023/09/15,16
156,광주,2023/09/16,15
156,광주,2023/09/17,11
156,광주,2023/09/18,11
156,광주,2023/09/19,14
156,광주,2023/09/20,16
156,광주,2023/09/22,15
156,광주,2023/09/23,17
156,광주,2023/09/25,19
156,광주,2023/09/26,14
156,광주,2023/09/27,11
156,광주,2023/09/28,19
156,광주,2023/09/29,35
156,광주,2023/09/30,22
156,광주,2023/10/07,22
156,광주,2023/10/13,26
156,광주,2023/10/14,28
156,광주,2023/10/16,33
156,광주,2023/10/19,31
156,광주,2023/10/23,31
156,광주,2023/10/24,30
156,광주,2023/10/25,29
156,광주,2023/10/26,31
156,광주,2023/10/27,39
156,광주,2023/10/28,29
156,광주,2023/10/30,30
156,광주,2023/10/31,33
160,구덕산,2022/04/02,23
160,구덕산,2022/04/03,31
160,구덕산,2022/04/05,34
160,구덕산,2022/04/06,43
160,구덕산,2022/04/07,44
160,구덕산,2022/04/08,41
160,구덕산,2022/04/09,39
160,구덕산,2022/04/10,34
160,구덕산,2022/04/14,7
160,구덕산,2022/04/15,28
160,구덕산,2022/04/19,40
160,구덕산,2022/04/20,43
160,구덕산,2022/04/21,19
160,구덕산,2022/04/22,37
160,구덕산,2022/04/23,40
160,구덕산,2022/04/24,45
160,구덕산,2022/04/25,51
160,구덕산,2022/04/27,45
160,구덕산,2022/04/28,64
160,구덕산,2022/04/30,30
160,구덕산,2022/05/01,40
160,구덕산,2022/05/04,37
160,구덕산,2022/05/05,33
160,구덕산,2022/05/06,39
160,구덕산,2022/05/11,34
160,구덕산,2022/05/16,37
160,구덕산,2022/05/17,43
160,구덕산,2022/05/18,50
160,구덕산,2022/05/19,36
160,구덕산,2022/05/21,41
160,구덕산,2022/05/22,40
160,구덕산,2022/05/23,42
160,구덕산,2022/05/24,51
160,구덕산,2022/05/25,46
160,구덕산,2022/05/26,34
160,구덕산,2022/05/30,35
160,구덕산,2022/06/01,35
160,구덕산,2022/06/03,42
160,구덕산,2022/06/09,34
160,구덕산,2022/06/11,33
160,구덕산,2022/06/13,17
160,구덕산,2022/06/16,39
160,구덕산,2022/06/17,33
160,구덕산,2022/06/21,19
160,구덕산,2022/07/02,26
160,구덕산,2022/07/03,18
160,구덕산,2022/07/06,19
160,구덕산,2022/07/07,12
160,구덕산,2022/07/11,14
160,구덕산,2022/07/14,22
160,구덕산,2022/07/15,27
160,구덕산,2022/07/16,36
160,구덕산,2022/07/17,23
160,구덕산,2022/07/19,22
160,구덕산,2022/07/20,31
160,구덕산,2022/07/24,21
160,구덕산,2022/07/25,25
160,구덕산,2022/07/28,24
160,구덕산,2022/07/29,22
160,구덕산,2022/08/04,18
160,구덕산,2022/08/05,19
160,구덕산,2022/08/06,21
160,구덕산,2022/08/07,17
160,구덕산,2022/08/09,12
160,구덕산,2022/08/10,10
160,구덕산,2022/08/12,27
160,구덕산,2022/08/13,23
160,구덕산,2022/08/14,15
160,구덕산,2022/08/15,12
160,구덕산,2022/08/19,23
160,구덕산,2022/08/20,15
160,구덕산,2022/08/23,27
160,구덕산,2022/08/27,34
160,구덕산,2022/08/30,18
160,구덕산,2022/09/04,18
160,구덕산,2022/09/08,28
160,구덕산,2022/09/11,27
160,구덕산,2022/09/12,23
160,구덕산,2022/09/15,30
160,구덕산,2022/09/16,26
160,구덕산,2022/09/17,20
160,구덕산,2022/09/22,27
160,구덕산,2022/09/23,27
160,구덕산,2022/09/25,15
160,구덕산,2022/09/26,19
160,구덕산,2022/09/27,25
160,구덕산,2022/09/30,35
160,구덕산,2022/10/01,37
160,구덕산,2022/10/02,30
160,구덕산,2022/10/03,15
160,구덕산,2022/10/09,13
160,구덕산,2022/10/17,37
160,구덕산,2022/11/02,43
160,구덕산,2022/11/03,35
160,구덕산,2022/11/04,22
160,구덕산,2022/11/07,34
160,구덕산,2022/11/08,37
160,구덕산,2022/11/09,34
160,구덕산,2022/11/10,38
160,구덕산,2022/11/11,39
160,구덕산,2022/11/12,34
160,구덕산,2022/11/14,22
160,구덕산,2022/11/15,20
160,구덕산,2022/11/16,32
160,구덕산,2022/11/17,33
160,구덕산,2022/11/19,24
160,구덕산,2022/11/20,19
160,구덕산,2022/11/21,24
160,구덕산,2022/11/22,26
160,구덕산,2022/11/23,15
160,구덕산,2022/11/24,29
160,구덕산,2022/11/26,29
160,구덕산,2022/11/27,28
160,구덕산,2022/11/28,29
160,구덕산,2022/11/30,23
160,구덕산,2022/12/01,12
160,구덕산,2022/12/02,20
160,구덕산,2022/12/03,18
160,구덕산,2022/12/04,29
160,구덕산,2022/12/06,27
160,구덕산,2022/12/07,34
160,구덕산,2022/12/08,33
160,구덕산,2022/12/09,32
160,구덕산,2022/12/10,37
160,구덕산,2022/12/11,22
160,구덕산,2022/12/12,17
160,구덕산,2022/12/13,105
160,구덕산,2022/12/14,19
160,구덕산,2022/12/15,23
160,구덕산,2022/12/16,27
160,구덕산,2022/12/17,16
160,구덕산,2022/12/18,16
160,구덕산,2022/12/19,23
160,구덕산,2022/12/20,29
160,구덕산,2022/12/21,20
160,구덕산,2022/12/22,29
160,구덕산,2022/12/23,19
160,구덕산,2022/12/24,19
160,구덕산,2022/12/25,16
160,구덕산,2022/12/26,17
160,구덕산,2022/12/27,20
160,구덕산,2022/12/28,33
160,구덕산,2022/12/29,23
160,구덕산,2022/12/30,30
160,구덕산,2022/12/31,24
160,구덕산,2023/01/01,48
160,구덕산,2023/01/02,13
160,구덕산,2023/01/04,21
160,구덕산,2023/01/05,73
160,구덕산,2023/01/06,70
160,구덕산,2023/01/07,96
160,구덕산,2023/01/08,49
160,구덕산,2023/01/09,72
160,구덕산,2023/01/10,34
160,구덕산,2023/01/11,25
160,구덕산,2023/01/12,31
160,구덕산,2023/01/16,16
160,구덕산,2023/01/17,19
160,구덕산,2023/01/18,44
160,구덕산,2023/01/19,41
160,구덕산,2023/01/20,69
160,구덕산,2023/01/22,17
160,구덕산,2023/01/23,29
160,구덕산,2023/01/24,41
160,구덕산,2023/01/25,11
160,구덕산,2023/01/26,18
160,구덕산,2023/01/27,32
160,구덕산,2023/01/28,24
160,구덕산,2023/01/29,35
160,구덕산,2023/01/30,29
160,구덕산,2023/01/31,24
160,구덕산,2023/02/01,39
160,구덕산,2023/02/02,31
160,구덕산,2023/02/03,32
160,구덕산,2023/02/04,33
160,구덕산,2023/02/05,33
160,구덕산,2023/02/06,24
160,구덕산,2023/02/07,32
160,구덕산,2023/02/08,45
160,구덕산,2023/02/09,35
160,구덕산,2023/02/11,31
160,구덕산,2023/02/12,31
160,구덕산,2023/02/13,22
160,구덕산,2023/02/16,17
160,구덕산,2023/02/17,23
160,구덕산,2023/02/18,13
160,구덕산,2023/02/19,28
160,구덕산,2023/02/20,27
160,구덕산,2023/02/21,23
160,구덕산,2023/02/23,25
160,구덕산,2023/02/24,53
160,구덕산,2023/02/25,31
160,구덕산,2023/02/26,33
160,구덕산,2023/02/27,32
160,구덕산,2023/02/28,22
160,구덕산,2023/03/01,25
160,구덕산,2023/03/02,27
160,구덕산,2023/03/03,31
160,구덕산,2023/03/04,60
160,구덕산,2023/03/05,28
160,구덕산,2023/03/06,45
160,구덕산,2023/03/07,48
160,구덕산,2023/03/08,43
160,구덕산,2023/03/09,29
160,구덕산,2023/03/10,84
160,구덕산,2023/03/11,98
160,구덕산,2023/03/12,35
160,구덕산,2023/03/13,24
160,구덕산,2023/03/14,45
160,구덕산,2023/03/15,23
160,구덕산,2023/03/16,40
160,구덕산,2023/03/17,38
160,구덕산,2023/03/18,32
160,구덕산,2023/03/19,50
160,구덕산,2023/03/20,48
160,구덕산,2023/03/21,44
160,구덕산,2023/03/22,14
160,구덕산,2023/03/24,81
160,구덕산,2023/03/25,102
160,구덕산,2023/03/26,91
160,구덕산,2023/03/27,38
160,구덕산,2023/03/28,36
160,구덕산,2023/03/29,101
160,구덕산,2023/03/30,70
160,구덕산,2023/03/31,53
160,구덕산,2023/04/01,55
160,구덕산,2023/04/02,36
160,구덕산,2023/04/03,29
160,구덕산,2023/04/04,26
160,구덕산,2023/04/06,20
160,구덕산,2023/04/07,45
160,구덕산,2023/04/08,27
160,구덕산,2023/04/09,42
160,구덕산,2023/04/10,43
160,구덕산,2023/04/11,25
160,구덕산,2023/04/12,190
160,구덕산,2023/04/13,72
160,구덕산,2023/04/14,52
160,구덕산,2023/04/15,11
160,구덕산,2023/04/17,92
160,구덕산,2023/04/18,44
160,구덕산,2023/04/22,230
160,구덕산,2023/04/23,53
160,구덕산,2023/04/24,28
160,구덕산,2023/04/25,19
160,구덕산,2023/04/26,39
160,구덕산,2023/04/27,38
160,구덕산,2023/04/28,29
160,구덕산,2023/04/30,44
160,구덕산,2023/05/01,59
160,구덕산,2023/05/02,41
160,구덕산,2023/05/03,29
160,구덕산,2023/05/04,27
160,구덕산,2023/05/07,23
160,구덕산,2023/05/09,34
160,구덕산,2023/05/10,47
160,구덕산,2023/05/11,43
160,구덕산,2023/05/12,34
160,구덕산,2023/05/14,34
160,구덕산,2023/05/15,45
160,구덕산,2023/05/17,37
160,구덕산,2023/05/23,131
160,구덕산,2023/05/31,31
160,구덕산,2023/06/01,17
160,구덕산,2023/06/02,29
160,구덕산,2023/06/03,45
160,구덕산,2023/06/04,34
160,구덕산,2023/06/05,35
160,구덕산,2023/06/06,27
160,구덕산,2023/06/08,28
160,구덕산,2023/06/09,39
160,구덕산,2023/06/10,28
160,구덕산,2023/06/12,20
160,구덕산,2023/06/13,27
160,구덕산,2023/06/14,37
160,구덕산,2023/06/15,42
160,구덕산,2023/06/16,44
160,구덕산,2023/06/17,35
160,구덕산,2023/06/18,39
160,구덕산,2023/06/19,45
160,구덕산,2023/06/22,28
160,구덕산,2023/07/02,29
160,구덕산,2023/07/05,23
160,구덕산,2023/07/06,43
160,구덕산,2023/07/09,14
160,구덕산,2023/07/10,22
160,구덕산,2023/07/20,27
160,구덕산,2023/07/21,23
160,구덕산,2023/07/22,16
160,구덕산,2023/07/26,30
160,구덕산,2023/07/27,32
160,구덕산,2023/07/28,36
160,구덕산,2023/07/29,32
160,구덕산,2023/07/30,30
160,구덕산,2023/07/31,25
160,구덕산,2023/08/01,15
160,구덕산,2023/08/02,27
160,구덕산,2023/08/03,21
160,구덕산,2023/08/04,19
160,구덕산,2023/08/06,14
160,구덕산,2023/08/07,17
160,구덕산,2023/08/11,24
160,구덕산,2023/08/12,23
160,구덕산,2023/08/13,34
160,구덕산,2023/08/14,26
160,구덕산,2023/08/15,27
160,구덕산,2023/08/16,21
160,구덕산,2023/08/20,24
160,구덕산,2023/08/21,26
160,구덕산,2023/08/22,30
160,구덕산,2023/08/23,25
160,구덕산,2023/08/25,22
160,구덕산,2023/08/26,29
160,구덕산,2023/08/27,26
160,구덕산,2023/08/28,20
160,구덕산,2023/08/30,10
160,구덕산,2023/09/06,25
160,구덕산,2023/09/12,24
160,구덕산,2023/09/13,21
160,구덕산,2023/09/15,16
160,구덕산,2023/09/19,25
160,구덕산,2023/09/20,30
160,구덕산,2023/09/25,28
160,구덕산,2023/09/26,22
160,구덕산,2023/09/27,20
160,구덕산,2023/09/29,38
160,구덕산,2023/10/01,36
160,구덕산,2023/10/03,16
160,구덕산,2023/10/06,41
160,구덕산,2023/10/08,14
160,구덕산,2023/10/09,19
160,구덕산,2023/10/16,33
160,구덕산,2023/10/17,38
160,구덕산,2023/10/19,23
160,구덕산,2023/10/21,26
160,구덕산,2023/10/23,39
160,구덕산,2023/10/24,35
160,구덕산,2023/10/25,44
160,구덕산,2023/10/26,41
160,구덕산,2023/10/27,59
160,구덕산,2023/10/30,35
160,구덕산,2023/10/31,40
232,천안,2022/04/02,23
232,천안,2022/04/03,33
232,천안,2022/04/04,34
232,천안,2022/04/05,34
232,천안,2022/04/06,31
232,천안,2022/04/07,33
232,천안,2022/04/08,31
232,천안,2022/04/09,37
232,천안,2022/04/10,28
232,천안,2022/04/11,29
232,천안,2022/04/12,24
232,천안,2022/04/15,21
232,천안,2022/04/16,28
232,천안,2022/04/17,31
232,천안,2022/04/18,32
232,천안,2022/04/19,33
232,천안,2022/04/20,32
232,천안,2022/04/21,33
232,천안,2022/04/22,30
232,천안,2022/04/23,26
232,천안,2022/04/24,32
232,천안,2022/04/25,41
232,천안,2022/04/26,27
232,천안,2022/04/27,84
232,천안,2022/04/28,57
232,천안,2022/05/01,28
232,천안,2022/05/02,27
232,천안,2022/05/03,27
232,천안,2022/05/04,31
232,천안,2022/05/05,25
232,천안,2022/05/06,27
232,천안,2022/05/07,24
232,천안,2022/05/08,15
232,천안,2022/05/11,27
232,천안,2022/05/12,29
232,천안,2022/05/13,34
232,천안,2022/05/14,30
232,천안,2022/05/16,31
232,천안,2022/05/17,39
232,천안,2022/05/18,46
232,천안,2022/05/19,29
232,천안,2022/05/20,34
232,천안,2022/05/21,28
232,천안,2022/05/22,33
232,천안,2022/05/23,44
232,천안,2022/05/24,27
232,천안,2022/05/25,22
232,천안,2022/05/26,24
232,천안,2022/05/27,25
232,천안,2022/05/28,32
232,천안,2022/05/29,26
232,천안,2022/05/30,25
232,천안,2022/06/01,28
232,천안,2022/06/02,33
232,천안,2022/06/03,36
232,천안,2022/06/04,29
232,천안,2022/06/06,15
232,천안,2022/06/08,22
232,천안,2022/06/09,22
232,천안,2022/06/10,31
232,천안,2022/06/11,24
232,천안,2022/06/12,22
232,천안,2022/06/13,19
232,천안,2022/06/16,20
232,천안,2022/06/17,27
232,천안,2022/06/18,18
232,천안,2022/06/19,16
232,천안,2022/06/20,24
232,천안,2022/06/21,32
232,천안,2022/06/22,26
232,천안,2022/06/23,25
232,천안,2022/06/24,13
232,천안,2022/06/25,29
232,천안,2022/06/26,14
232,천안,2022/06/27,14
232,천안,2022/06/28,13
232,천안,2022/06/29,14
232,천안,2022/06/30,12
232,천안,2022/07/01,18
232,천안,2022/07/02,24
232,천안,2022/07/03,31
232,천안,2022/07/04,27
232,천안,2022/07/05,40
232,천안,2022/07/06,32
232,천안,2022/07/07,17
232,천안,2022/07/08,17
232,천안,2022/07/09,25
232,천안,2022/07/10,27
232,천안,2022/07/11,20
232,천안,2022/07/12,26
232,천안,2022/07/13,20
232,천안,2022/07/14,17
232,천안,2022/07/15,26
232,천안,2022/07/16,24
232,천안,2022/07/17,19
232,천안,2022/07/18,20
232,천안,2022/07/19,30
232,천안,2022/07/20,36
232,천안,2022/07/21,22
232,천안,2022/07/22,26
232,천안,2022/07/23,32
232,천안,2022/07/24,17
232,천안,2022/07/25,27
232,천안,2022/07/26,31
232,천안,2022/07/27,23
232,천안,2022/07/28,22
232,천안,2022/07/29,20
232,천안,2022/07/30,12
232,천안,2022/07/31,11
232,천안,2022/08/01,14
232,천안,2022/08/02,11
232,천안,2022/08/03,20
232,천안,2022/08/04,20
232,천안,2022/08/05,19
232,천안,2022/08/06,23
232,천안,2022/08/07,21
232,천안,2022/08/08,19
232,천안,2022/08/11,10
232,천안,2022/08/12,26
232,천안,2022/08/13,32
232,천안,2022/08/14,26
232,천안,2022/08/15,18
232,천안,2022/08/16,16
232,천안,2022/08/17,21
232,천안,2022/08/18,20
232,천안,2022/08/20,20
232,천안,2022/08/21,19
232,천안,2022/08/22,22
232,천안,2022/08/23,18
232,천안,2022/08/24,17
232,천안,2022/08/25,18
232,천안,2022/08/26,28
232,천안,2022/08/27,20
232,천안,2022/08/28,20
232,천안,2022/08/29,12
232,천안,2022/08/31,12
232,천안,2022/09/01,17
232,천안,2022/09/02,14
232,천안,2022/09/03,11
232,천안,2022/09/04,9
232,천안,2022/09/07,25
232,천안,2022/09/08,27
232,천안,2022/09/09,22
232,천안,2022/09/10,14
232,천안,2022/09/11,17
232,천안,2022/09/12,17
232,천안,2022/09/13,17
232,천안,2022/09/14,17
232,천안,2022/09/15,17
232,천안,2022/09/16,19
232,천안,2022/09/17,24
232,천안,2022/09/18,18
232,천안,2022/09/19,13
232,천안,2022/09/20,21
232,천안,2022/09/25,19
232,천안,2022/09/26,23
232,천안,2022/09/27,24
232,천안,2022/09/28,25
232,천안,2022/09/29,37
232,천안,2022/09/30,35
232,천안,2022/10/01,41
232,천안,2022/10/02,30
232,천안,2022/10/03,19
232,천안,2022/10/05,18
232,천안,2022/10/06,23
232,천안,2022/10/13,27
232,천안,2022/10/14,24
232,천안,2022/10/15,30
232,천안,2022/10/16,39
232,천안,2022/10/19,32
232,천안,2022/10/20,42
232,천안,2022/10/21,38
232,천안,2022/10/22,31
232,천안,2022/10/23,34
232,천안,2022/10/24,27
232,천안,2022/10/25,23
232,천안,2022/10/26,28
232,천안,2022/10/27,31
232,천안,2022/10/28,37
232,천안,2022/10/29,35
232,천안,2022/10/30,29
232,천안,2022/10/31,35
232,천안,2022/11/01,44
232,천안,2022/11/02,38
232,천안,2022/11/03,27
232,천안,2022/11/04,25
232,천안,2022/11/05,31
232,천안,2022/11/06,32
232,천안,2022/11/07,40
232,천안,2022/11/08,41
232,천안,2022/11/09,57
232,천안,2022/11/10,72
232,천안,2022/11/11,59
232,천안,2022/11/12,44
232,천안,2022/11/13,17
232,천안,2022/11/14,29
232,천안,2022/11/15,22
232,천안,2022/11/16,32
232,천안,2022/11/17,41
232,천안,2022/11/18,38
232,천안,2022/11/19,41
232,천안,2022/11/20,37
232,천안,2022/11/21,39
232,천안,2022/11/22,47
232,천안,2022/11/23,30
232,천안,2022/11/24,48
232,천안,2022/11/25,47
232,천안,2022/11/26,58
232,천안,2022/11/27,33
232,천안,2022/11/28,35
232,천안,2022/11/29,19
232,천안,2022/11/30,19
232,천안,2022/12/01,21
232,천안,2022/12/02,28
232,천안,2022/12/03,29
232,천안,2022/12/04,15
232,천안,2022/12/05,23
232,천안,2022/12/06,27
232,천안,2022/12/07,39
232,천안,2022/12/08,33
232,천안,2022/12/09,49
232,천안,2022/12/10,46
232,천안,2022/12/11,38
232,천안,2022/12/12,27
232,천안,2022/12/13,67
232,천안,2022/12/14,34
232,천안,2022/12/15,28
232,천안,2022/12/16,29
232,천안,2022/12/17,22
232,천안,2022/12/18,28
232,천안,2022/12/19,30
232,천안,2022/12/20,34
232,천안,2022/12/21,31
232,천안,2022/12/22,32
232,천안,2022/12/23,23
232,천안,2022/12/24,33
232,천안,2022/12/25,40
232,천안,2022/12/26,40
232,천안,2022/12/27,52
232,천안,2022/12/28,42
232,천안,2022/12/29,38
232,천안,2022/12/30,35
232,천안,2022/12/31,38
232,천안,2023/01/01,42
232,천안,2023/01/02,19
232,천안,2023/01/03,31
232,천안,2023/01/04,32
232,천안,2023/01/05,58
232,천안,2023/01/06,95
232,천안,2023/01/07,114
232,천안,2023/01/08,89
232,천안,2023/01/09,68
232,천안,2023/01/10,58
232,천안,2023/01/11,59
232,천안,2023/01/12,50
232,천안,2023/01/13,20
232,천안,2023/01/14,12
232,천안,2023/01/15,13
232,천안,2023/01/16,17
232,천안,2023/01/17,28
232,천안,2023/01/18,49
232,천안,2023/01/19,51
232,천안,2023/01/20,61
232,천안,2023/01/21,24
232,천안,2023/01/22,30
232,천안,2023/01/23,52
232,천안,2023/01/25,25
232,천안,2023/01/26,27
232,천안,2023/01/27,31
232,천안,2023/01/28,34
232,천안,2023/01/29,47
232,천안,2023/01/30,42
232,천안,2023/01/31,39
232,천안,2023/02/01,46
232,천안,2023/02/02,43
232,천안,2023/02/03,38
232,천안,2023/02/04,46
232,천안,2023/02/05,62
232,천안,2023/02/06,75
232,천안,2023/02/07,86
232,천안,2023/02/08,69
232,천안,2023/02/09,46
232,천안,2023/02/10,21
232,천안,2023/02/11,35
232,천안,2023/02/12,68
232,천안,2023/02/13,42
232,천안,2023/02/14,43
232,천안,2023/02/15,27
232,천안,2023/02/16,23
232,천안,2023/02/17,48
232,천안,2023/02/18,74
232,천안,2023/02/19,33
232,천안,2023/02/20,32
232,천안,2023/02/21,33
232,천안,2023/02/22,40
232,천안,2023/02/23,38
232,천안,2023/02/24,45
232,천안,2023/02/25,32
232,천안,2023/02/26,33
232,천안,2023/02/27,44
232,천안,2023/02/28,33
232,천안,2023/03/01,33
232,천안,2023/03/02,48
232,천안,2023/03/03,47
232,천안,2023/03/04,53
232,천안,2023/03/05,56
232,천안,2023/03/06,48
232,천안,2023/03/07,55
232,천안,2023/03/08,52
232,천안,2023/03/09,47
232,천안,2023/03/10,76
232,천안,2023/03/11,84
232,천안,2023/03/12,50
232,천안,2023/03/13,33
232,천안,2023/03/14,42
232,천안,2023/03/15,42
232,천안,2023/03/16,63
232,천안,2023/03/17,44
232,천안,2023/03/18,48
232,천안,2023/03/19,69
232,천안,2023/03/20,56
232,천안,2023/03/21,63
232,천안,2023/03/22,69
232,천안,2023/03/23,105
232,천안,2023/03/24,125
232,천안,2023/03/25,70
232,천안,2023/03/26,59
232,천안,2023/03/29,67
232,천안,2023/03/30,49
232,천안,2023/03/31,76
232,천안,2023/04/01,62
232,천안,2023/04/02,41
232,천안,2023/04/06,51
232,천안,2023/04/07,76
232,천안,2023/04/08,41
232,천안,2023/04/09,56
232,천안,2023/04/10,34
232,천안,2023/04/11,41
232,천안,2023/04/12,271
232,천안,2023/04/14,79
232,천안,2023/04/15,39
232,천안,2023/04/16,83
232,천안,2023/04/17,81
232,천안,2023/04/18,37
232,천안,2023/04/19,38
232,천안,2023/04/20,24
232,천안,2023/04/21,42
232,천안,2023/04/22,171
232,천안,2023/04/23,86
232,천안,2023/04/24,35
232,천안,2023/04/25,16
232,천안,2023/04/26,24
232,천안,2023/04/27,37
232,천안,2023/04/28,33
232,천안,2023/04/29,22
232,천안,2023/04/30,41
232,천안,2023/05/01,40
232,천안,2023/05/03,37
232,천안,2023/05/04,34
232,천안,2023/05/07,25
232,천안,2023/05/08,31
232,천안,2023/05/09,37
232,천안,2023/05/10,41
232,천안,2023/05/11,40
232,천안,2023/05/12,37
232,천안,2023/05/22,119
232,천안,2023/05/25,29
232,천안,2023/05/26,25
232,천안,2023/05/27,21
232,천안,2023/05/28,12
232,천안,2023/05/29,11
232,천안,2023/05/31,23
232,천안,2023/06/01,32
232,천안,2023/06/02,29
232,천안,2023/06/03,24
232,천안,2023/06/04,22
232,천안,2023/06/05,20
232,천안,2023/06/06,22
232,천안,2023/06/07,23
232,천안,2023/06/08,18
232,천안,2023/06/09,18
232,천안,2023/06/10,24
232,천안,2023/06/11,20
232,천안,2023/06/12,21
232,천안,2023/06/13,20
232,천안,2023/06/14,20
232,천안,2023/06/15,24
232,천안,2023/06/16,24
232,천안,2023/06/17,20
232,천안,2023/06/18,25
232,천안,2023/06/19,35
232,천안,2023/06/20,20
232,천안,2023/06/21,14
232,천안,2023/06/22,19
232,천안,2023/06/23,24
232,천안,2023/06/24,25
232,천안,2023/06/25,21
232,천안,2023/06/26,10
232,천안,2023/06/27,14
232,천안,2023/06/30,14
232,천안,2023/07/01,29
232,천안,2023/07/02,28
232,천안,2023/07/03,29
232,천안,2023/07/04,23
232,천안,2023/07/05,18
232,천안,2023/07/06,31
232,천안,2023/07/08,15
232,천안,2023/07/09,22
232,천안,2023/07/10,21
232,천안,2023/07/11,17
232,천안,2023/07/12,19
232,천안,2023/07/13,20
232,천안,2023/07/15,10
232,천안,2023/07/16,17
232,천안,2023/07/17,15
232,천안,2023/07/18,8
232,천안,2023/07/19,20
232,천안,2023/07/20,42
232,천안,2023/07/21,45
232,천안,2023/07/22,19
232,천안,2023/07/23,9
232,천안,2023/07/24,11
232,천안,2023/07/25,14
232,천안,2023/07/26,14
232,천안,2023/07/27,17
232,천안,2023/07/28,20
232,천안,2023/07/29,28
232,천안,2023/07/30,25
232,천안,2023/07/31,28
232,천안,2023/08/01,28
232,천안,2023/08/02,29
232,천안,2023/08/03,19
232,천안,2023/08/04,20
232,천안,2023/08/05,19
232,천안,2023/08/06,19
232,천안,2023/08/07,15
232,천안,2023/08/08,12
232,천안,2023/08/09,9
232,천안,2023/08/11,19
232,천안,2023/08/12,20
232,천안,2023/08/13,26
232,천안,2023/08/14,28
232,천안,2023/08/15,25
232,천안,2023/08/16,24
232,천안,2023/08/17,21
232,천안,2023/08/18,23
232,천안,2023/08/19,19
232,천안,2023/08/20,24
232,천안,2023/08/21,17
232,천안,2023/08/23,15
232,천안,2023/08/24,10
232,천안,2023/08/25,19
232,천안,2023/08/26,29
232,천안,2023/08/27,24
232,천안,2023/08/28,14
232,천안,2023/08/29,13
232,천안,2023/08/30,14
232,천안,2023/09/02,23
232,천안,2023/09/03,11
232,천안,2023/09/04,18
232,천안,2023/09/05,15
232,천안,2023/09/06,16
232,천안,2023/09/07,16
232,천안,2023/09/08,17
232,천안,2023/09/09,23
232,천안,2023/09/10,23
232,천안,2023/09/11,24
232,천안,2023/09/12,21
232,천안,2023/09/13,21
232,천안,2023/09/14,11
232,천안,2023/09/15,11
232,천안,2023/09/16,11
232,천안,2023/09/17,14
232,천안,2023/09/18,20
232,천안,2023/09/19,24
232,천안,2023/09/23,18
232,천안,2023/09/25,14
232,천안,2023/09/27,10
232,천안,2023/09/28,31
232,천안,2023/09/29,34
232,천안,2023/09/30,18
232,천안,2023/10/01,22
232,천안,2023/10/11,26
232,천안,2023/10/13,29
232,천안,2023/10/14,29
232,천안,2023/10/16,29
232,천안,2023/10/18,29
232,천안,2023/10/19,22
232,천안,2023/10/24,30
232,천안,2023/10/25,33
232,천안,2023/10/26,37
232,천안,2023/10/27,33
232,천안,2023/10/28,30
232,천안,2023/10/29,29
232,천안,2023/10/30,37
232,천안,2023/10/31,35