,date,home,away,home_score,away_score,home_rank,away_rank,공휴일,merged_ex_score,merged_ex_score_away,pitcher1,pitcher2,time,요일,구장,관중수
0,20230401,KT,LG,11,6,5.0,5.0,0,5.0,5.0,W. 벤자민,C. 켈리,14:00,토,수원,18700
1,20230401,SSG,KIA,4,1,5.0,5.0,0,5.0,5.0,김광현,S. 앤더슨,14:00,토,문학,23000
2,20230401,두산,롯데,12,10,5.0,5.0,0,5.0,5.0,최지강,문경찬,14:00,토,잠실,23750
3,20230401,삼성,NC,0,8,5.0,5.0,0,5.0,5.0,E. 페디,D. 뷰캐넌,14:00,토,대구,24000
4,20230401,키움,한화,3,2,5.0,5.0,0,5.0,5.0,문성현,장시환,14:00,토,고척,16000
5,20230402,KT,LG,9,10,1.0,6.0,0,5.0,5.0,함덕주,박영현,14:00,일,수원,14700
6,20230402,SSG,KIA,5,9,1.0,6.0,0,5.0,5.0,이의리,K. 맥카티,14:00,일,문학,23000
7,20230402,두산,롯데,0,2,1.0,6.0,0,5.0,5.0,나균안,최원준,14:00,일,잠실,23750
8,20230402,삼성,NC,8,6,6.0,1.0,0,5.0,5.0,이승현,김진호,14:00,일,대구,18483
9,20230402,키움,한화,7,6,1.0,6.0,0,5.0,5.0,김재웅,주현상,14:00,일,고척,11562
10,20230404,SSG,롯데,3,1,9.0,9.0,0,5.0,5.0,오원석,박세웅,18:30,화,문학,5809
11,20230404,두산,NC,1,0,9.0,9.0,0,5.0,5.0,정철원,심창민,18:30,화,잠실,3924
12,20230404,삼성,한화,7,6,9.0,10.0,0,5.0,5.0,이승현,한승주,18:30,화,대구,5936
13,20230404,키움,LG,1,7,1.0,9.0,0,5.0,5.0,A. 플럿코,A. 후라도,18:30,화,고척,4510
14,20230405,두산,NC,3,9,1.0,5.0,0,5.0,5.0,신민혁,최승용,18:30,수,잠실,2172
15,20230405,키움,LG,2,1,1.0,1.0,0,5.0,5.0,최원태,이민호,18:30,수,고척,4194
16,20230406,두산,NC,6,2,6.0,6.0,0,5.0,5.0,김동주,이준호,18:30,목,잠실,3724
17,20230406,삼성,한화,1,8,6.0,10.0,0,5.0,5.0,문동주,백정현,18:30,목,대구,6525
18,20230406,키움,LG,0,5,1.0,6.0,0,5.0,5.0,강효종,장재영,18:30,목,고척,4556
19,20230407,KIA,두산,1,4,8.0,1.0,0,5.0,4.4,R. 알칸타라,S. 앤더슨,18:30,금,광주,12821
20,20230407,LG,삼성,7,2,1.0,4.0,0,5.8,5.0,C. 켈리,양창섭,18:30,금,잠실,17201
21,20230407,NC,키움,2,0,4.0,1.0,0,5.0,2.6,E. 페디,안우진,18:30,금,창원,6867
22,20230407,롯데,KT,1,7,8.0,8.0,0,5.0,5.0,고영표,한현희,18:30,금,사직,14734
23,20230407,한화,SSG,3,7,8.0,4.0,0,5.0,5.0,서진용,한승혁,18:30,금,대전,10415
24,20230408,KIA,두산,7,6,9.0,1.0,0,5.0,2.8,정해영,김명신,17:00,토,광주,16432
25,20230408,LG,삼성,2,1,1.0,6.0,0,6.0,3.6,이정용,오승환,17:00,토,잠실,22141
26,20230408,NC,키움,11,5,4.0,4.0,0,3.8,2.0,김진호,김동혁,17:00,토,창원,9763
27,20230408,롯데,KT,3,7,9.0,6.0,0,5.0,5.0,W. 벤자민,D. 스트레일리,17:00,토,사직,16555
28,20230408,한화,SSG,5,7,9.0,4.0,0,5.0,5.0,고효준,남지민,17:00,토,대전,11232
29,20230409,KIA,두산,2,3,8.0,4.0,0,5.0,4.0,곽빈,A. 메디나,14:00,일,광주,14070
30,20230409,LG,삼성,3,2,1.0,8.0,0,4.4,3.8,이정용,이승현,14:00,일,잠실,20439
31,20230409,NC,키움,6,1,4.0,6.0,0,4.8,1.6,송명기,A. 후라도,14:00,일,창원,7686
32,20230409,롯데,KT,5,3,10.0,6.0,0,3.4,5.0,나균안,박세진,14:00,일,사직,12283
33,20230409,한화,SSG,0,3,10.0,4.0,0,5.6,5.2,K. 맥카티,F. 페냐,14:00,일,대전,9455
34,20230411,KIA,한화,4,5,9.0,10.0,0,4.0,4.4,김범수,정해영,18:30,화,광주,3623
35,20230411,NC,KT,1,0,4.0,6.0,0,6.0,7.4,신민혁,B. 슐서,18:30,화,창원,2069
36,20230411,두산,키움,6,4,4.0,6.0,0,4.4,1.6,박치국,김동혁,18:30,화,잠실,4372
37,20230411,롯데,LG,6,5,9.0,1.0,0,2.4,3.6,신정락,정우영,18:30,화,사직,5286
38,20230411,삼성,SSG,4,5,9.0,4.0,0,2.6,5.0,노경은,이승현,18:30,화,대구,3907
39,20230412,KIA,한화,2,0,7.0,7.0,0,4.6,4.2,S. 앤더슨,문동주,18:30,수,광주,5252
40,20230412,NC,KT,5,1,1.0,4.0,0,4.4,5.2,이용준,고영표,18:30,수,창원,2448
41,20230412,롯데,LG,8,12,4.0,1.0,0,3.2,4.4,김영준,김원중,18:30,수,사직,6519
42,20230412,삼성,SSG,0,3,7.0,1.0,0,2.0,5.0,문승원,백정현,18:30,수,대구,5405
43,20230413,KIA,한화,1,5,6.0,8.0,0,3.2,2.6,장민재,이의리,18:30,목,광주,5457
44,20230413,NC,KT,3,10,1.0,6.0,0,5.0,3.6,손동현,E. 페디,18:30,목,창원,3174
45,20230413,두산,키움,2,9,2.0,6.0,0,5.0,2.0,안우진,김동주,18:30,목,잠실,6917
46,20230413,롯데,LG,8,7,6.0,1.0,0,4.6,5.8,한현희,C. 켈리,18:30,목,사직,6505
47,20230413,삼성,SSG,11,9,8.0,1.0,0,1.8,5.0,오승환,고효준,18:30,목,대구,4648
48,20230414,KT,한화,7,7,5.0,8.0,0,4.2,3.0,,,18:30,금,수원,7145
49,20230414,LG,두산,13,4,1.0,2.0,0,5.8,4.2,김윤식,R. 알칸타라,18:30,금,잠실,16528
50,20230414,SSG,NC,2,1,1.0,1.0,0,5.4,5.2,송영진,송명기,18:30,금,문학,8218
51,20230414,삼성,롯데,9,7,8.0,5.0,0,3.6,6.0,D. 뷰캐넌,D. 스트레일리,18:30,금,대구,9124
52,20230414,키움,KIA,9,2,5.0,8.0,0,3.8,3.2,E. 요키시,A. 메디나,18:30,금,고척,8043
53,20230415,KT,한화,2,7,7.0,9.0,0,4.2,3.4,F. 페냐,배제성,17:00,토,수원,13212
54,20230415,LG,두산,3,1,1.0,3.0,0,8.0,4.2,A. 플럿코,곽빈,17:00,토,잠실,21243
55,20230415,SSG,NC,0,1,1.0,2.0,0,4.4,3.2,이용찬,백승건,17:00,토,문학,13956
56,20230415,삼성,롯데,5,9,7.0,7.0,0,5.2,6.8,나균안,A. 수아레즈,17:00,토,대구,18231
57,20230415,키움,KIA,6,1,4.0,9.0,0,5.6,2.2,A. 후라도,윤영철,17:00,토,고척,13752
58,20230416,KT,한화,14,2,9.0,9.0,0,4.0,4.8,B. 슐서,남지민,14:00,일,수원,13010
59,20230416,LG,두산,5,10,1.0,5.0,0,8.0,3.2,정철원,정우영,14:00,일,잠실,20090
60,20230416,SSG,NC,5,10,3.0,3.0,0,3.8,2.2,하준영,오원석,14:00,일,문학,13460
61,20230416,삼성,롯데,9,1,9.0,6.0,0,5.8,7.6,원태인,C. 반즈,14:00,일,대구,16076
62,20230416,키움,KIA,2,0,5.0,10.0,0,5.8,2.0,김태훈,김대유,14:00,일,고척,11265
63,20230418,KT,SSG,4,2,7.0,2.0,0,6.8,3.8,고영표,문승원,18:30,화,수원,3398
64,20230418,LG,NC,4,6,1.0,1.0,0,8.0,4.0,김시훈,이우찬,18:30,화,잠실,6574
65,20230418,롯데,KIA,7,5,7.0,9.0,0,6.6,1.2,김상수,김대유,18:30,화,사직,3829
66,20230418,키움,삼성,4,6,4.0,7.0,0,6.0,6.8,백정현,장재영,18:30,화,고척,3104
67,20230418,한화,두산,0,2,8.0,4.0,0,4.2,4.6,정철원,김범수,18:30,화,대전,4012
68,20230419,KT,SSG,5,2,8.0,4.0,0,7.4,3.6,엄상백,박종훈,18:30,수,수원,3405
69,20230419,LG,NC,7,5,2.0,1.0,0,6.4,4.2,이우찬,김영규,18:30,수,잠실,7090
70,20230419,롯데,KIA,0,6,8.0,10.0,0,6.4,1.8,이의리,한현희,18:30,수,사직,4869
71,20230419,키움,삼성,5,9,5.0,8.0,0,6.0,8.0,이상민,이영준,18:30,수,고척,3869
72,20230419,한화,두산,7,6,9.0,4.0,0,4.2,3.8,강재민,최지강,18:30,수,대전,4212
73,20230420,KT,SSG,5,8,6.0,3.0,0,6.4,2.2,최민준,W. 벤자민,18:30,목,수원,4472
74,20230420,LG,NC,9,4,1.0,1.0,0,6.4,4.6,김윤식,송명기,18:30,목,잠실,9090
75,20230420,롯데,KIA,5,3,7.0,9.0,0,4.8,2.8,김진욱,A. 메디나,18:30,목,사직,6423
76,20230420,키움,삼성,6,1,6.0,6.0,0,5.2,7.6,E. 요키시,D. 뷰캐넌,18:30,목,고척,3918
77,20230420,한화,두산,1,5,8.0,3.0,0,4.6,4.6,R. 알칸타라,김민우,18:30,목,대전,4122
78,20230421,KIA,삼성,5,4,10.0,8.0,0,3.0,6.0,김기훈,이승현,18:30,금,광주,6870
79,20230421,NC,롯데,2,3,2.0,8.0,0,5.2,4.4,김원중,김영규,18:30,금,창원,12613
80,20230421,SSG,키움,3,1,4.0,5.0,0,3.4,4.6,김광현,A. 후라도,18:30,금,문학,12374
81,20230421,두산,KT,10,6,4.0,8.0,0,4.8,6.0,곽빈,배제성,18:30,금,잠실,6896
82,20230421,한화,LG,2,4,9.0,1.0,0,3.4,5.6,A. 플럿코,F. 페냐,18:30,금,대전,6004
83,20230422,KIA,삼성,6,2,10.0,8.0,0,3.8,5.8,양현종,원태인,17:00,토,광주,12990
84,20230422,NC,롯데,6,10,4.0,6.0,0,5.4,3.2,C. 반즈,신민혁,17:00,토,창원,15130
85,20230422,SSG,키움,3,2,4.0,6.0,0,4.0,3.6,K. 맥카티,최원태,17:00,토,문학,16535
86,20230422,두산,KT,5,1,4.0,8.0,0,6.6,6.8,최승용,B. 슐서,17:00,토,잠실,13410
87,20230422,한화,LG,0,3,10.0,1.0,0,2.4,5.8,임찬규,남지민,17:00,토,대전,11152
88,20230423,KIA,삼성,5,3,9.0,8.0,0,5.0,4.4,S. 앤더슨,백정현,14:00,일,광주,10026
89,20230423,NC,롯데,3,5,4.0,5.0,0,4.6,5.0,박세웅,이용준,14:00,일,창원,13286
90,20230423,SSG,키움,9,7,3.0,6.0,0,3.6,3.6,오원석,이승호,14:00,일,문학,15878
91,20230423,두산,KT,1,1,3.0,8.0,0,5.6,4.2,최원준,고영표,14:00,일,잠실,10151
92,20230423,한화,LG,7,6,10.0,1.0,0,2.0,5.4,박상원,정우영,14:00,일,대전,9023
93,20230425,KIA,NC,0,6,9.0,5.0,0,5.0,4.0,E. 페디,이의리,18:30,화,광주,2216
94,20230425,LG,SSG,5,4,1.0,2.0,0,5.8,5.0,고우석,노경은,18:30,화,잠실,7344
95,20230425,키움,KT,1,0,6.0,9.0,0,4.2,3.6,안우진,엄상백,18:30,화,고척,2956
96,20230426,KIA,NC,6,0,9.0,4.0,0,3.8,4.2,A. 메디나,송명기,18:30,수,광주,4798
97,20230426,LG,SSG,3,5,1.0,2.0,0,5.4,5.4,송영진,김윤식,18:30,수,잠실,10419
98,20230426,롯데,한화,8,1,5.0,10.0,0,4.6,3.4,한현희,장민재,18:30,수,사직,7905
99,20230426,삼성,두산,1,0,9.0,4.0,0,3.8,5.4,D. 뷰캐넌,R. 알칸타라,18:30,수,대구,9213
100,20230426,키움,KT,13,2,6.0,9.0,0,3.4,2.6,E. 요키시,W. 벤자민,18:30,수,고척,2489
101,20230427,KIA,NC,5,0,8.0,5.0,0,4.4,3.4,전상현,구창모,18:30,목,광주,6017
102,20230427,LG,SSG,6,3,1.0,2.0,0,4.2,4.8,A. 플럿코,최민준,18:30,목,잠실,13061
103,20230427,롯데,한화,3,0,5.0,10.0,0,6.2,2.2,나균안,김민우,18:30,목,사직,10393
104,20230427,삼성,두산,7,6,8.0,5.0,0,2.2,4.2,이상민,정철원,18:30,목,대구,8473
105,20230427,키움,KT,3,1,6.0,9.0,0,4.8,2.0,A. 후라도,조이현,18:30,목,고척,3024
106,20230428,KT,삼성,9,10,9.0,8.0,0,1.0,3.4,김태훈,,18:30,금,수원,7314
107,20230428,LG,KIA,3,4,1.0,8.0,0,4.6,4.4,양현종,,18:30,금,잠실,22695
108,20230428,SSG,두산,4,1,2.0,6.0,0,4.8,4.4,K. 맥카티,최승용,18:30,금,문학,14909
109,20230428,롯데,키움,5,2,3.0,6.0,0,5.8,5.2,노진혁,최원태,18:30,금,사직,14343
110,20230428,한화,NC,4,6,10.0,6.0,0,2.0,3.0,신민혁,F. 페냐,18:30,금,대전,7242
111,20230429,KT,삼성,2,3,9.0,8.0,0,2.6,4.6,원태인,손동현,17:00,토,수원,12039
112,20230429,LG,KIA,3,6,1.0,8.0,0,4.6,4.0,S. 앤더슨,강효종,17:00,토,잠실,23750
113,20230429,SSG,두산,10,4,2.0,6.0,0,5.0,2.6,오원석,최원준,17:00,토,문학,20180
114,20230429,한화,NC,2,3,10.0,4.0,0,2.4,3.0,이용준,남지민,17:00,토,대전,7813
115,20230430,KT,삼성,0,1,8.0,7.0,0,2.8,4.8,우규민,김재윤,14:00,일,수원,14582
116,20230430,LG,KIA,8,12,1.0,7.0,0,4.0,4.2,정해영,고우석,14:00,일,잠실,23750
117,20230430,SSG,두산,0,2,1.0,7.0,0,5.2,2.4,곽빈,박종훈,14:00,일,문학,21026
118,20230430,롯데,키움,5,3,3.0,7.0,0,6.2,5.2,김상수,김동혁,14:00,일,사직,22990
119,20230430,한화,NC,1,4,9.0,3.0,0,2.8,3.0,E. 페디,문동주,14:00,일,대전,10442
120,20230502,KIA,롯데,4,7,6.0,3.0,0,6.6,5.2,김진욱,A. 메디나,18:30,화,광주,8892
121,20230502,NC,LG,3,5,3.0,1.0,0,2.6,4.6,박명근,김영규,18:30,화,창원,3939
122,20230502,SSG,KT,4,11,1.0,8.0,0,4.4,2.8,W. 벤자민,문승원,18:30,화,문학,6950
123,20230502,두산,한화,3,0,6.0,9.0,0,2.6,1.6,R. 알칸타라,장민재,18:30,화,잠실,9834
124,20230502,삼성,키움,0,4,6.0,7.0,0,4.4,4.4,하영민,김태훈,18:30,화,대구,10624
125,20230503,KIA,롯데,10,2,8.0,3.0,0,6.2,5.6,윤영철,나균안,18:30,수,광주,13815
126,20230503,NC,LG,1,2,4.0,1.0,0,3.2,5.0,A. 플럿코,구창모,18:30,수,창원,4874
127,20230503,SSG,KT,5,3,3.0,9.0,0,4.2,4.6,노경은,손동현,18:30,수,문학,7703
128,20230503,두산,한화,3,8,5.0,10.0,0,3.2,1.4,김민우,최승용,18:30,수,잠실,14271
129,20230503,삼성,키움,1,4,8.0,8.0,0,4.2,5.0,A. 후라도,오승환,18:30,수,대구,13394
130,20230504,SSG,KT,10,2,2.0,9.0,0,4.6,5.0,K. 맥카티,B. 슐서,18:30,목,문학,7529
131,20230504,두산,한화,3,10,7.0,10.0,0,2.6,3.0,F. 페냐,File D.,18:30,목,잠실,10825
132,20230504,삼성,키움,14,1,8.0,7.0,0,3.0,3.2,A. 수아레즈,최원태,18:30,목,대구,12076
133,20230505,키움,SSG,1,3,7.0,1.0,1,2.8,5.8,오원석,정찬헌,14:00,금,고척,16000
134,20230506,키움,SSG,1,2,8.0,1.0,0,2.6,4.4,박종훈,안우진,17:00,토,고척,11063
135,20230507,두산,LG,1,11,8.0,2.0,0,3.0,4.2,C. 켈리,곽빈,14:00,일,잠실,22073
136,20230507,키움,SSG,6,7,8.0,1.0,0,2.2,4.8,백승건,김동혁,14:00,일,고척,7623
137,20230507,한화,KT,6,2,10.0,10.0,0,4.2,3.6,문동주,엄상백,14:00,일,대전,8551
138,20230509,KIA,SSG,3,0,8.0,1.0,0,7.2,5.4,양현종,김광현,18:30,화,광주,8916
139,20230509,KT,NC,4,16,10.0,4.0,0,3.6,3.4,E. 페디,W. 벤자민,18:30,화,수원,2764
140,20230509,LG,키움,5,4,2.0,8.0,0,5.8,2.6,함덕주,양현,18:30,화,잠실,10421
141,20230509,롯데,두산,2,5,3.0,8.0,0,4.4,2.4,R. 알칸타라,D. 스트레일리,18:30,화,사직,11643
142,20230509,한화,삼성,1,9,9.0,8.0,0,5.0,3.8,D. 뷰캐넌,김민우,18:30,화,대전,5014
143,20230510,KIA,SSG,3,5,7.0,1.0,0,7.0,4.4,백승건,S. 앤더슨,18:30,수,광주,8481
144,20230510,KT,NC,7,8,10.0,4.0,0,4.4,5.4,김진호,김재윤,18:30,수,수원,3734
145,20230510,LG,키움,1,11,2.0,8.0,0,6.2,2.6,최원태,정우영,18:30,수,잠실,12125
146,20230510,롯데,두산,3,0,4.0,7.0,0,4.2,3.0,C. 반즈,최원준,18:30,수,사직,11435
147,20230510,한화,삼성,5,1,9.0,7.0,0,5.0,5.0,F. 페냐,원태인,18:30,수,대전,5865
148,20230511,KIA,SSG,3,5,8.0,1.0,0,6.4,3.4,고효준,전상현,18:30,목,광주,8898
149,20230511,KT,NC,1,4,10.0,4.0,0,3.6,6.4,구창모,B. 슐서,18:30,목,수원,3934
150,20230511,LG,키움,1,0,2.0,8.0,0,4.8,4.6,임찬규,정찬헌,18:30,목,잠실,11773
151,20230511,롯데,두산,7,6,4.0,8.0,0,3.8,2.4,김상수,홍건희,18:30,목,사직,13350
152,20230511,한화,삼성,4,0,9.0,8.0,0,6.0,5.0,남지민,A. 수아레즈,18:30,목,대전,6007
153,20230512,KT,롯데,2,1,10.0,4.0,0,3.2,4.2,김재윤,김진욱,18:30,금,수원,10937
154,20230512,SSG,한화,2,5,1.0,9.0,0,3.8,5.2,장민재,박종훈,18:30,금,문학,14395
155,20230512,두산,KIA,6,1,8.0,8.0,0,3.0,4.6,김동주,이의리,18:30,금,잠실,20563
156,20230512,삼성,LG,4,0,8.0,2.0,0,5.0,4.0,백정현,이지강,18:30,금,대구,13765
157,20230512,키움,NC,7,4,8.0,4.0,0,4.4,6.4,임창민,김시훈,18:30,금,고척,3866
158,20230513,KT,롯데,0,5,10.0,4.0,0,3.2,3.0,한현희,엄상백,17:00,토,수원,18700
159,20230513,SSG,한화,8,5,1.0,9.0,0,3.8,4.2,송영진,문동주,17:00,토,문학,23000
160,20230513,두산,KIA,5,1,7.0,8.0,0,3.6,4.0,최승용,A. 메디나,17:00,토,잠실,23750
161,20230513,삼성,LG,4,7,7.0,2.0,0,5.6,3.6,C. 켈리,허윤동,17:00,토,대구,21817
162,20230513,키움,NC,9,2,7.0,4.0,0,5.6,6.6,E. 요키시,송명기,17:00,토,고척,6573
163,20230514,KT,롯데,3,8,10.0,3.0,0,2.8,3.6,D. 스트레일리,배제성,14:00,일,수원,15470
164,20230514,SSG,한화,3,3,1.0,9.0,0,4.0,4.0,김광현,김민우,14:00,일,문학,20757
165,20230514,두산,KIA,8,4,6.0,8.0,0,4.4,2.2,,,14:00,일,잠실,23750
166,20230514,삼성,LG,5,8,7.0,2.0,0,3.6,2.8,A. 플럿코,김태훈,14:00,일,대구,18569
167,20230514,키움,NC,4,6,6.0,4.0,0,6.2,6.8,E. 페디,A. 후라도,14:00,일,고척,5634
168,20230516,LG,KT,7,12,2.0,10.0,0,3.4,2.6,W. 벤자민,김진성,18:30,화,잠실,8567
169,20230516,NC,SSG,5,3,4.0,1.0,0,4.8,4.6,최성영,K. 맥카티,18:30,화,창원,4113
170,20230516,삼성,KIA,2,8,7.0,8.0,0,2.8,2.4,최지민,김태훈,18:30,화,대구,9112
171,20230516,키움,두산,1,4,6.0,5.0,0,6.2,5.0,최원준,최원태,18:30,화,고척,5662
172,20230516,한화,롯데,1,3,9.0,3.0,0,4.4,4.8,김원중,강재민,18:30,화,대전,6138
173,20230517,LG,KT,7,3,2.0,10.0,0,4.6,3.6,임찬규,B. 슐서,18:30,수,잠실,9838
174,20230517,NC,SSG,0,4,4.0,1.0,0,4.2,4.2,오원석,구창모,18:30,수,창원,4344
175,20230517,삼성,KIA,6,7,8.0,8.0,0,3.0,3.4,윤영철,A. 수아레즈,18:30,수,대구,10979
176,20230517,키움,두산,6,9,6.0,5.0,0,4.2,5.8,김명신,정찬헌,18:30,수,고척,5232
177,20230517,한화,롯데,2,1,9.0,3.0,0,3.6,4.8,윤대경,구승민,18:30,수,대전,6269
178,20230518,LG,KT,9,5,2.0,10.0,0,5.8,4.0,김진성,고영표,18:30,목,잠실,9155
179,20230518,키움,두산,7,3,7.0,5.0,0,5.4,6.4,안우진,김동주,18:30,목,고척,5742
180,20230518,한화,롯데,3,7,9.0,3.0,0,3.2,3.6,한현희,장민재,18:30,목,대전,6116
181,20230519,KIA,키움,10,1,6.0,5.0,0,4.2,5.4,이의리,E. 요키시,18:30,금,광주,11290
182,20230519,KT,두산,6,1,9.0,4.0,0,4.6,5.8,엄상백,최승용,18:30,금,수원,6817
183,20230519,LG,한화,3,1,1.0,8.0,0,7.6,2.8,C. 켈리,문동주,18:30,금,잠실,19798
184,20230519,NC,삼성,4,5,4.0,7.0,0,3.4,4.2,백정현,이용준,18:30,금,창원,8493
185,20230519,롯데,SSG,7,5,2.0,1.0,0,4.8,4.0,박세웅,박종훈,18:30,금,사직,19011
186,20230520,KIA,키움,3,2,7.0,7.0,0,6.0,3.8,A. 메디나,A. 후라도,17:00,토,광주,19030
187,20230520,KT,두산,0,6,10.0,5.0,0,5.8,5.0,R. 알칸타라,배제성,17:00,토,수원,13253
188,20230520,LG,한화,1,1,1.0,9.0,0,6.8,2.0,A. 플럿코,이태양,17:00,토,잠실,23750
189,20230520,NC,삼성,14,3,5.0,8.0,0,3.4,4.4,E. 페디,최하늘,17:00,토,창원,14870
190,20230520,롯데,SSG,0,5,3.0,2.0,0,5.2,4.6,김광현,D. 스트레일리,17:00,토,사직,22990
191,20230521,KIA,키움,0,1,5.0,6.0,0,6.4,3.4,최원태,양현종,14:00,일,광주,14617
192,20230521,KT,두산,7,3,9.0,4.0,0,5.2,4.6,W. 벤자민,최원준,14:00,일,수원,10521
193,20230521,LG,한화,4,1,1.0,8.0,0,5.4,1.6,김윤식,F. 페냐,14:00,일,잠실,22054
194,20230521,NC,삼성,1,2,4.0,7.0,0,5.8,4.2,오승환,류진욱,14:00,일,창원,10910
195,20230521,롯데,SSG,3,6,2.0,1.0,0,3.6,4.0,K. 맥카티,C. 반즈,14:00,일,사직,22990
196,20230523,KT,키움,1,3,9.0,6.0,0,4.2,3.4,정찬헌,B. 슐서,18:30,화,수원,4203
197,20230523,SSG,LG,1,9,1.0,1.0,0,4.6,4.8,임찬규,오원석,18:30,화,문학,12508
198,20230523,두산,삼성,7,5,4.0,7.0,0,4.4,3.6,장원준,원태인,18:30,화,잠실,10733
199,20230523,롯데,NC,2,0,2.0,4.0,0,3.6,4.8,나균안,신민혁,18:30,화,사직,15047
200,20230523,한화,KIA,9,5,8.0,6.0,0,1.6,5.6,R. 산체스,S. 앤더슨,18:30,화,대전,6376
201,20230524,KT,키움,4,1,10.0,6.0,0,3.8,2.8,고영표,안우진,18:30,수,수원,5173
202,20230524,SSG,LG,5,3,2.0,1.0,0,4.2,5.2,R. 엘리아스,이지강,18:30,수,문학,16829
203,20230524,두산,삼성,1,6,4.0,8.0,0,4.0,4.2,이승현,정철원,18:30,수,잠실,11108
204,20230524,롯데,NC,1,3,3.0,5.0,0,3.8,3.8,최성영,한현희,18:30,수,사직,14244
205,20230524,한화,KIA,2,4,9.0,7.0,0,3.0,5.0,최지민,강재민,18:30,수,대전,7004
206,20230525,KT,키움,3,0,9.0,6.0,0,3.6,1.6,엄상백,E. 요키시,18:30,목,수원,5235
207,20230525,SSG,LG,3,8,1.0,1.0,0,4.4,4.0,C. 켈리,송영진,18:30,목,문학,17575
208,20230525,두산,삼성,4,3,4.0,7.0,0,3.6,4.2,박정수,홍정우,18:30,목,잠실,11005
209,20230525,롯데,NC,11,1,2.0,4.0,0,2.6,4.4,박세웅,이용준,18:30,목,사직,15221
210,20230525,한화,KIA,4,3,8.0,6.0,0,2.8,4.4,윤대경,장현식,18:30,목,대전,8186
211,20230526,KIA,LG,3,5,7.0,1.0,0,3.0,5.0,A. 플럿코,A. 메디나,18:30,금,광주,10954
212,20230526,NC,한화,11,0,5.0,9.0,0,3.8,3.4,E. 페디,김민우,18:30,금,창원,5952
213,20230526,두산,SSG,3,14,4.0,2.0,0,4.2,4.0,박종훈,R. 알칸타라,18:30,금,잠실,10428
214,20230526,삼성,KT,1,4,8.0,10.0,0,3.8,3.0,배제성,양창섭,18:30,금,대구,12874
215,20230526,키움,롯데,0,2,7.0,3.0,0,1.4,3.4,D. 스트레일리,A. 후라도,18:30,금,고척,11692
216,20230527,KIA,LG,6,3,7.0,1.0,1,3.0,5.8,양현종,김윤식,14:00,토,광주,17931
217,20230527,NC,한화,0,5,5.0,10.0,1,3.2,3.2,F. 페냐,이재학,14:00,토,창원,9558
218,20230527,삼성,KT,2,5,8.0,10.0,1,3.4,3.8,W. 벤자민,D. 뷰캐넌,14:00,토,대구,17305
219,20230527,키움,롯데,5,6,7.0,3.0,1,1.0,3.8,C. 반즈,최원태,14:00,토,고척,16000
220,20230528,KIA,LG,1,7,6.0,1.0,0,4.2,5.6,임찬규,S. 앤더슨,14:00,일,광주,17015
221,20230528,삼성,KT,6,4,8.0,10.0,0,3.4,3.4,원태인,B. 슐서,14:00,일,대구,14523
222,20230528,키움,롯데,7,5,7.0,3.0,0,1.8,4.4,정찬헌,나균안,14:00,일,고척,16000
223,20230530,KIA,KT,6,1,7.0,10.0,0,3.4,4.0,이의리,고영표,18:30,화,광주,5352
224,20230530,LG,롯데,3,1,1.0,3.0,0,5.2,5.0,유영찬,한현희,18:30,화,잠실,20330
225,20230530,NC,두산,5,0,5.0,5.0,0,3.0,3.6,T. 와이드너,최원준,18:30,화,창원,3180
226,20230530,SSG,삼성,3,2,2.0,8.0,0,5.8,3.6,K. 맥카티,A. 수아레즈,18:30,화,문학,10232
227,20230530,한화,키움,7,1,10.0,7.0,0,4.0,2.6,R. 산체스,안우진,18:30,화,대전,4486
228,20230531,KIA,KT,7,1,6.0,10.0,0,3.8,3.4,윤영철,엄상백,18:30,수,광주,7244
229,20230531,LG,롯데,1,7,1.0,3.0,0,5.2,5.0,박세웅,C. 켈리,18:30,수,잠실,21269
230,20230531,NC,두산,2,3,4.0,5.0,0,4.0,3.0,곽빈,이용준,18:30,수,창원,4180
231,20230531,SSG,삼성,2,3,2.0,8.0,0,5.2,2.8,백정현,R. 엘리아스,18:30,수,문학,10745
232,20230531,한화,키움,3,15,9.0,7.0,0,3.6,2.6,E. 요키시,장민재,18:30,수,대전,4384
233,20230601,LG,롯데,6,1,1.0,3.0,0,3.8,4.2,A. 플럿코,C. 반즈,18:30,목,잠실,22020
234,20230601,SSG,삼성,14,2,2.0,8.0,0,5.4,2.8,문승원,양창섭,18:30,목,문학,9028
235,20230601,한화,키움,7,3,9.0,7.0,0,3.8,5.6,문동주,A. 후라도,18:30,목,대전,5040
236,20230602,KT,두산,1,10,10.0,5.0,0,3.0,2.2,R. 알칸타라,배제성,18:30,금,수원,5157
237,20230602,LG,NC,2,9,1.0,5.0,0,4.0,3.8,최성영,김윤식,18:30,금,잠실,10238
238,20230602,SSG,키움,3,2,2.0,7.0,0,7.2,6.2,노경은,임창민,18:30,금,문학,12533
239,20230602,롯데,KIA,14,2,3.0,6.0,0,4.0,4.6,D. 스트레일리,양현종,18:30,금,사직,18996
240,20230602,한화,삼성,7,8,9.0,8.0,0,4.4,3.0,D. 뷰캐넌,김민우,18:30,금,대전,6675
241,20230603,KT,두산,13,3,10.0,5.0,0,2.4,4.0,박영현,김동주,17:00,토,수원,12155
242,20230603,LG,NC,3,7,1.0,5.0,0,3.8,5.4,E. 페디,임찬규,17:00,토,잠실,18890
243,20230603,SSG,키움,2,1,2.0,8.0,0,7.2,5.6,노경은,양현,17:00,토,문학,19071
244,20230603,롯데,KIA,6,5,3.0,6.0,0,5.6,4.4,김원중,최지민,17:00,토,사직,22990
245,20230603,한화,삼성,2,7,9.0,8.0,0,5.8,4.2,홍정우,정우람,17:00,토,대전,12000
246,20230604,KT,두산,5,2,9.0,4.0,0,4.0,3.8,주권,최승용,17:00,일,수원,10239
247,20230604,LG,NC,1,3,1.0,3.0,0,3.0,4.6,이재학,이지강,17:00,일,잠실,15096
248,20230604,SSG,키움,3,4,1.0,7.0,0,4.8,4.4,김성진,최민준,17:00,일,문학,17007
249,20230604,롯데,KIA,0,6,2.0,6.0,0,5.8,4.2,이의리,한현희,14:00,일,사직,22990
250,20230604,한화,삼성,10,5,8.0,6.0,0,5.2,4.4,김범수,A. 수아레즈,17:00,일,대전,12000
251,20230606,KIA,SSG,1,2,5.0,1.0,1,5.2,4.8,R. 엘리아스,윤영철,14:00,화,광주,15130
252,20230606,두산,한화,4,1,4.0,8.0,1,3.6,5.8,장원준,장민재,14:00,화,잠실,21146
253,20230606,롯데,KT,1,4,2.0,9.0,1,5.6,4.2,고영표,박세웅,17:00,화,사직,20441
254,20230606,삼성,NC,9,6,7.0,3.0,1,5.0,5.2,백정현,T. 와이드너,17:00,화,대구,14639
255,20230606,키움,LG,1,9,7.0,1.0,1,5.0,2.6,C. 켈리,E. 요키시,14:00,화,고척,14903
256,20230607,KIA,SSG,8,9,6.0,1.0,0,4.2,4.8,이로운,양현종,18:30,수,광주,7569
257,20230607,두산,한화,6,3,4.0,9.0,0,4.4,5.4,이형범,김범수,18:30,수,잠실,8497
258,20230607,롯데,KT,2,3,2.0,9.0,0,4.4,4.8,손동현,김도규,18:30,수,사직,10066
259,20230607,삼성,NC,0,4,6.0,3.0,0,6.2,5.4,이용준,홍정우,18:30,수,대구,7119
260,20230607,키움,LG,5,5,7.0,1.0,0,2.2,4.2,A. 후라도,A. 플럿코,18:30,수,고척,5390
261,20230608,KIA,SSG,4,5,7.0,1.0,0,4.4,3.8,이로운,최지민,18:30,목,광주,6646
262,20230608,두산,한화,2,1,5.0,10.0,0,5.0,4.6,R. 알칸타라,김민우,18:30,목,잠실,8509
263,20230608,롯데,KT,6,7,3.0,9.0,0,4.6,5.2,이상동,윤명준,18:30,목,사직,10504
264,20230608,삼성,NC,1,7,7.0,4.0,0,5.8,5.8,최성영,황동재,18:30,목,대구,5989
265,20230608,키움,LG,13,0,8.0,2.0,0,2.6,4.0,최원태,김윤식,18:30,목,고척,6076
266,20230609,KT,키움,3,2,9.0,8.0,0,6.4,4.8,손동현,이명종,18:30,금,수원,5033
267,20230609,NC,SSG,5,2,4.0,1.0,0,5.4,4.2,E. 페디,오원석,18:30,금,창원,5110
268,20230609,두산,KIA,3,7,5.0,8.0,0,3.4,4.8,이준영,김동주,18:30,금,잠실,16250
269,20230609,삼성,롯데,1,5,8.0,3.0,0,4.4,3.0,나균안,원태인,18:30,금,대구,15893
270,20230609,한화,LG,6,5,10.0,2.0,0,3.4,3.6,박상원,고우석,18:30,금,대전,6005
271,20230610,KT,키움,2,5,9.0,8.0,0,4.4,5.0,안우진,이선우,17:00,토,수원,9622
272,20230610,NC,SSG,7,0,4.0,1.0,0,5.0,4.2,이재학,K. 맥카티,17:00,토,창원,11026
273,20230610,두산,KIA,3,6,5.0,6.0,0,3.4,5.2,이의리,최승용,17:00,토,잠실,22233
274,20230610,삼성,롯데,9,7,8.0,3.0,0,3.2,2.8,A. 수아레즈,한현희,17:00,토,대구,24000
275,20230610,한화,LG,7,0,10.0,2.0,0,4.2,4.0,R. 산체스,이민호,17:00,토,대전,11072
276,20230611,KT,키움,5,14,9.0,8.0,0,3.8,5.2,장재영,주권,17:00,일,수원,6806
277,20230611,NC,SSG,8,4,4.0,1.0,0,5.8,3.6,김시훈,안상현,17:00,일,창원,7210
278,20230611,두산,KIA,3,2,5.0,6.0,0,3.6,5.2,곽빈,윤영철,17:00,일,잠실,18623
279,20230611,삼성,롯데,6,4,8.0,4.0,0,4.0,4.2,홍정우,김도규,17:00,일,대구,18496
280,20230611,한화,LG,7,13,10.0,2.0,0,3.6,3.8,유영찬,김기중,17:00,일,대전,7601
281,20230613,LG,삼성,2,1,2.0,8.0,0,4.6,3.4,함덕주,최채흥,18:30,화,잠실,11103
282,20230613,NC,두산,4,11,3.0,5.0,0,6.2,3.4,장원준,이용준,18:30,화,창원,3699
283,20230613,SSG,KT,8,1,1.0,9.0,0,4.0,4.0,R. 엘리아스,엄상백,18:30,화,문학,6568
284,20230613,롯데,한화,7,5,4.0,10.0,0,4.8,4.8,진승현,문동주,18:30,화,사직,16007
285,20230613,키움,KIA,1,0,8.0,8.0,0,7.8,5.4,A. 후라도,양현종,18:30,화,고척,7834
286,20230614,LG,삼성,3,2,2.0,8.0,0,4.0,3.6,유영찬,D. 뷰캐넌,18:30,수,잠실,11725
287,20230614,NC,두산,5,4,4.0,5.0,0,6.2,4.4,이용찬,홍건희,18:30,수,창원,3154
288,20230614,SSG,KT,4,14,1.0,9.0,0,3.8,3.6,배제성,박종훈,18:30,수,문학,6579
289,20230614,롯데,한화,4,8,4.0,10.0,0,5.8,5.2,한승주,D. 스트레일리,18:30,수,사직,10803
290,20230614,키움,KIA,2,1,6.0,8.0,0,7.0,3.8,최원태,S. 앤더슨,18:30,수,고척,8016
291,20230615,LG,삼성,9,3,1.0,7.0,0,4.6,3.8,이정용,홍정우,18:30,목,잠실,12023
292,20230615,NC,두산,10,3,2.0,4.0,0,5.8,4.8,조민석,최원준,18:30,목,창원,3633
293,20230615,SSG,KT,3,7,1.0,8.0,0,3.6,5.0,고영표,오원석,18:30,목,문학,6736
294,20230615,롯데,한화,4,5,3.0,9.0,0,5.4,6.6,박상원,김도규,18:30,목,사직,12594
295,20230615,키움,KIA,4,8,5.0,7.0,0,4.8,3.2,장현식,이명종,18:30,목,고척,8528
296,20230616,KIA,NC,13,11,7.0,3.0,0,3.4,6.8,임기영,임정호,18:30,금,광주,10170
297,20230616,KT,삼성,7,6,9.0,8.0,0,5.8,4.2,김재윤,이승현,18:30,금,수원,6998
298,20230616,LG,두산,7,4,1.0,5.0,0,5.4,4.8,유영찬,이영하,18:30,금,잠실,18826
299,20230616,SSG,롯데,12,1,2.0,4.0,0,3.8,5.2,K. 맥카티,한현희,18:30,금,문학,18013
300,20230616,한화,키움,2,2,10.0,6.0,0,6.4,5.2,R. 산체스,안우진,18:30,금,대전,7005
301,20230617,KIA,NC,7,10,7.0,3.0,0,4.8,7.6,T. 와이드너,윤영철,17:00,토,광주,15992
302,20230617,KT,삼성,6,5,9.0,9.0,0,6.8,3.6,이상동,백정현,17:00,토,수원,14935
303,20230617,LG,두산,4,7,1.0,5.0,0,6.8,5.0,곽빈,C. 켈리,17:00,토,잠실,22878
304,20230617,SSG,롯데,8,5,2.0,4.0,0,6.2,4.0,이로운,구승민,17:00,토,문학,23000
305,20230617,한화,키움,6,9,10.0,7.0,0,5.4,4.6,이명종,강재민,17:00,토,대전,11008
306,20230618,KIA,NC,7,7,6.0,2.0,0,5.8,8.0,양현종,이용준,17:00,일,광주,13967
307,20230618,KT,삼성,5,7,7.0,8.0,0,7.0,3.4,문용익,Jeon Y.,17:00,일,수원,10137
308,20230618,LG,두산,15,3,1.0,4.0,0,5.0,5.8,A. 플럿코,장원준,17:00,일,잠실,19038
309,20230618,SSG,롯데,2,7,1.0,3.0,0,7.0,4.2,C. 반즈,R. 엘리아스,17:00,일,문학,19156
310,20230618,한화,키움,5,6,9.0,5.0,0,5.2,3.6,하영민,남지민,17:00,일,대전,8163
311,20230620,KT,롯데,5,2,9.0,4.0,0,7.8,4.2,배제성,한현희,18:30,화,수원,5773
312,20230620,NC,LG,8,4,3.0,1.0,0,8.6,7.6,송명기,이상영,18:30,화,창원,3433
313,20230620,두산,SSG,1,6,5.0,2.0,0,4.2,5.8,노경은,이영하,18:30,화,잠실,6186
314,20230620,삼성,키움,2,7,9.0,6.0,0,4.6,4.6,최원태,D. 뷰캐넌,18:30,화,대구,7667
315,20230620,한화,KIA,4,6,10.0,7.0,0,5.2,7.2,S. 앤더슨,한승주,18:30,화,대전,5451
316,20230621,KT,롯데,8,2,7.0,3.0,0,6.0,3.8,고영표,나균안,18:30,수,수원,6024
317,20230621,NC,LG,3,9,2.0,1.0,0,9.2,7.8,고우석,천사민,18:30,수,창원,3571
318,20230621,두산,SSG,1,3,5.0,1.0,0,3.6,6.2,오원석,최원준,18:30,수,잠실,5473
319,20230621,삼성,키움,0,2,8.0,5.0,0,4.6,5.6,원종현,김대우,18:30,수,대구,7453
320,20230621,한화,KIA,7,4,9.0,6.0,0,4.4,8.2,F. 페냐,김유신,18:30,수,대전,5207
321,20230622,KT,롯데,4,2,7.0,3.0,0,6.2,3.4,W. 벤자민,이인복,18:30,목,수원,7861
322,20230622,NC,LG,3,4,2.0,1.0,0,7.8,7.8,박명근,천사민,18:30,목,창원,4997
323,20230622,두산,SSG,3,5,5.0,1.0,0,3.2,6.2,K. 맥카티,김명신,18:30,목,잠실,7291
324,20230622,삼성,키움,1,2,8.0,4.0,0,4.0,5.2,안우진,A. 수아레즈,18:30,목,대구,10176
325,20230622,한화,KIA,1,0,9.0,7.0,0,4.8,7.4,이태양,이의리,18:30,목,대전,7675
326,20230623,KIA,KT,3,10,7.0,6.0,0,4.8,5.6,W. 쿠에바스,황동하,18:30,금,광주,9018
327,20230623,LG,롯데,1,2,1.0,4.0,0,7.2,3.6,박세웅,고우석,18:30,금,잠실,21089
328,20230623,NC,한화,2,6,2.0,9.0,0,6.2,4.6,R. 산체스,T. 와이드너,18:30,금,창원,6376
329,20230623,SSG,삼성,6,0,1.0,8.0,0,4.8,3.0,김광현,백정현,18:30,금,문학,12744
330,20230623,키움,두산,1,2,4.0,5.0,0,5.2,3.0,곽빈,하영민,18:30,금,고척,7316
331,20230624,KIA,KT,4,1,8.0,7.0,0,4.0,6.4,양현종,엄상백,17:00,토,광주,14043
332,20230624,LG,롯데,9,1,2.0,4.0,0,6.6,3.0,A. 플럿코,C. 반즈,17:00,토,잠실,23750
333,20230624,NC,한화,1,7,3.0,10.0,0,4.6,4.6,문동주,이용준,17:00,토,창원,13791
334,20230624,SSG,삼성,13,10,1.0,10.0,0,4.4,2.0,노경은,이승현,17:00,토,문학,20062
335,20230624,키움,두산,4,2,5.0,6.0,0,3.6,2.0,A. 후라도,B. 브랜든,17:00,토,고척,11717
336,20230625,LG,롯데,7,3,2.0,5.0,0,5.4,1.8,김진성,구승민,17:00,일,잠실,20846
337,20230625,SSG,삼성,2,5,1.0,10.0,0,6.6,2.6,D. 뷰캐넌,조성훈,17:00,일,문학,14722
338,20230625,키움,두산,2,17,5.0,6.0,0,3.2,1.8,R. 알칸타라,I. 맥키니,14:00,일,고척,9549
339,20230627,KIA,키움,1,8,7.0,4.0,0,3.4,2.2,정찬헌,이의리,18:30,화,광주,5349
340,20230627,SSG,LG,0,14,1.0,1.0,0,5.8,6.0,임찬규,오원석,18:30,화,문학,12244
341,20230627,두산,NC,3,2,5.0,2.0,0,5.0,3.4,박치국,류진욱,18:30,화,잠실,5302
342,20230627,롯데,삼성,5,3,4.0,9.0,0,2.0,3.2,김원중,이승현,18:30,화,사직,11654
343,20230627,한화,KT,4,1,9.0,6.0,0,5.0,5.6,F. 페냐,고영표,18:30,화,대전,4625
344,20230628,KIA,키움,5,7,8.0,5.0,0,2.4,3.4,이명종,황동하,18:30,수,광주,4816
345,20230628,SSG,LG,6,8,2.0,1.0,0,5.2,7.0,박명근,노경은,18:30,수,문학,11045
346,20230628,두산,NC,1,4,6.0,3.0,0,5.4,2.2,E. 페디,장원준,18:30,수,잠실,5400
347,20230628,롯데,삼성,9,6,5.0,10.0,0,2.6,3.8,심재민,A. 수아레즈,18:30,수,사직,13787
348,20230628,한화,KT,6,4,9.0,7.0,0,5.0,4.8,김범수,손동현,18:30,수,대전,5007
349,20230630,KT,NC,3,2,7.0,3.0,0,4.0,2.4,박영현,류진욱,18:30,금,수원,4596
350,20230630,LG,KIA,5,4,1.0,9.0,0,7.8,2.6,박명근,임기영,18:30,금,잠실,20568
351,20230630,롯데,두산,1,0,5.0,6.0,0,4.0,5.0,김원중,홍건희,18:30,금,울산,6894
352,20230630,삼성,한화,1,6,10.0,9.0,0,4.8,4.8,문동주,최채흥,18:30,금,대구,8114
353,20230630,키움,SSG,3,7,5.0,2.0,0,4.4,5.4,김광현,A. 후라도,18:30,금,고척,7164
354,20230701,KT,NC,7,6,7.0,4.0,0,3.8,2.2,김재윤,이용찬,18:00,토,수원,9551
355,20230701,LG,KIA,3,5,1.0,9.0,0,8.6,3.4,김기훈,A. 플럿코,18:00,토,잠실,23750
356,20230701,롯데,두산,1,2,4.0,6.0,0,3.8,4.6,곽빈,C. 반즈,18:00,토,울산,10013
357,20230701,삼성,한화,4,10,10.0,8.0,0,5.0,5.8,R. 산체스,D. 뷰캐넌,18:00,토,대구,18151
358,20230701,키움,SSG,6,3,5.0,2.0,0,4.8,5.6,I. 맥키니,R. 엘리아스,18:00,토,고척,10836
359,20230702,KT,NC,5,0,7.0,5.0,0,3.2,3.0,고영표,신민혁,17:00,일,수원,5406
360,20230702,LG,KIA,3,1,1.0,9.0,0,7.4,3.8,정우영,S. 앤더슨,17:00,일,잠실,20959
361,20230702,롯데,두산,2,4,5.0,6.0,0,3.8,4.6,김명신,구승민,17:00,일,울산,7588
362,20230702,삼성,한화,2,1,10.0,8.0,0,3.8,6.6,원태인,F. 페냐,17:00,일,대구,12395
363,20230702,키움,SSG,5,9,5.0,2.0,0,5.2,3.6,고효준,원종현,14:00,일,고척,9512
364,20230704,삼성,두산,3,5,10.0,6.0,0,3.2,2.0,정철원,오승환,18:30,화,포항,4182
365,20230704,키움,NC,8,4,5.0,5.0,0,5.8,2.8,안우진,이준호,18:30,화,고척,4474
366,20230705,LG,KT,4,8,1.0,7.0,0,6.6,4.0,W. 벤자민,임찬규,18:30,수,잠실,9707
367,20230705,SSG,KIA,3,17,2.0,9.0,0,5.0,3.2,윤영철,박종훈,18:30,수,문학,13025
368,20230705,삼성,두산,4,7,10.0,6.0,0,3.2,2.4,이영하,황동재,18:30,수,포항,5902
369,20230705,키움,NC,2,0,3.0,6.0,0,5.8,3.2,장재영,E. 페디,18:30,수,고척,4027
370,20230705,한화,롯데,5,3,8.0,6.0,0,5.4,3.6,한승주,나균안,18:30,수,대전,7760
371,20230706,LG,KT,8,7,1.0,7.0,0,4.6,5.4,정우영,김민수,18:30,목,잠실,10736
372,20230706,SSG,KIA,6,7,2.0,9.0,0,5.6,6.4,양현종,김광현,18:30,목,문학,17513
373,20230706,삼성,두산,1,5,10.0,4.0,0,2.8,3.6,B. 브랜든,최채흥,18:30,목,포항,6923
374,20230706,키움,NC,4,5,3.0,6.0,0,4.8,2.4,김시훈,이명종,18:30,목,고척,4013
375,20230706,한화,롯데,3,4,8.0,6.0,0,5.6,3.2,C. 반즈,문동주,18:30,목,대전,10061
376,20230707,KT,KIA,2,6,7.0,9.0,0,6.0,6.8,최지민,손동현,18:30,금,수원,16315
377,20230707,두산,키움,10,0,4.0,4.0,0,4.6,5.0,곽빈,I. 맥키니,18:30,금,잠실,14123
378,20230708,KT,KIA,0,7,7.0,8.0,0,5.8,7.2,이의리,고영표,18:00,토,수원,18700
379,20230708,NC,삼성,0,8,6.0,10.0,0,3.0,2.8,D. 뷰캐넌,신민혁,18:00,토,창원,12462
380,20230708,두산,키움,5,2,3.0,4.0,0,6.2,3.8,R. 알칸타라,최원태,18:00,토,잠실,19676
381,20230708,롯데,LG,3,12,6.0,1.0,0,2.2,4.6,A. 플럿코,박세웅,18:00,토,사직,19496
382,20230708,한화,SSG,7,9,9.0,2.0,0,5.0,5.6,R. 엘리아스,R. 산체스,18:00,토,대전,12000
383,20230709,KT,KIA,1,5,8.0,8.0,0,4.4,7.6,M. 산체스,배제성,17:00,일,수원,18700
384,20230709,NC,삼성,0,7,6.0,10.0,0,1.8,3.6,A. 수아레즈,송명기,17:00,일,창원,8522
385,20230709,두산,키움,9,2,3.0,4.0,0,6.4,3.2,최원준,정찬헌,17:00,일,잠실,11472
386,20230709,롯데,LG,7,4,6.0,1.0,0,2.6,6.0,이인복,이정용,17:00,일,사직,15860
387,20230709,한화,SSG,7,0,9.0,2.0,0,5.2,6.0,F. 페냐,오원석,17:00,일,대전,10168
388,20230711,키움,KT,2,4,5.0,8.0,0,2.0,3.6,W. 벤자민,안우진,18:30,화,고척,4217
389,20230712,KIA,삼성,3,2,8.0,10.0,0,8.4,4.6,윤영철,원태인,18:30,수,광주,8470
390,20230712,LG,한화,1,2,1.0,9.0,0,6.2,4.6,문동주,C. 켈리,18:30,수,잠실,17812
391,20230712,NC,롯데,11,2,6.0,5.0,0,1.8,3.8,E. 페디,나균안,18:30,수,창원,13074
392,20230712,SSG,두산,1,4,2.0,3.0,0,5.4,7.2,B. 브랜든,문승원,18:30,수,문학,19699
393,20230712,키움,KT,3,4,5.0,8.0,0,2.0,2.8,W. 쿠에바스,김재웅,18:30,수,고척,3890
394,20230713,KIA,삼성,1,4,8.0,10.0,0,5.6,4.4,D. 뷰캐넌,양현종,18:30,목,광주,7085
395,20230713,NC,롯데,13,3,6.0,6.0,0,3.2,3.8,T. 와이드너,C. 반즈,18:30,목,창원,10316
396,20230713,키움,KT,0,9,6.0,8.0,0,1.8,2.2,고영표,I. 맥키니,18:30,목,고척,4520
397,20230721,KIA,두산,2,5,8.0,3.0,0,4.4,6.6,R. 알칸타라,M. 산체스,18:30,금,광주,9779
398,20230721,LG,SSG,4,6,1.0,2.0,0,5.8,3.8,김광현,C. 켈리,18:30,금,잠실,17524
399,20230721,롯데,키움,2,0,6.0,6.0,0,3.8,1.8,C. 반즈,안우진,18:30,금,사직,13431
400,20230721,삼성,KT,2,7,10.0,7.0,0,4.4,3.6,W. 쿠에바스,장필준,18:30,금,대구,7833
401,20230721,한화,NC,3,9,9.0,4.0,0,4.8,5.8,E. 페디,R. 산체스,18:30,금,대전,8475
402,20230722,롯데,키움,3,5,5.0,7.0,0,3.4,1.4,A. 후라도,박세웅,18:00,토,사직,14266
403,20230722,삼성,KT,5,2,10.0,7.0,0,4.6,5.0,김태훈,박영현,18:00,토,대구,10356
404,20230722,한화,NC,5,7,9.0,4.0,0,4.4,6.6,이용찬,박상원,18:00,토,대전,10021
405,20230723,롯데,키움,6,7,6.0,6.0,0,3.4,2.0,김동혁,김원중,17:00,일,사직,11470
406,20230723,삼성,KT,7,8,10.0,7.0,0,4.0,5.2,이상동,김태훈,17:00,일,대구,8613
407,20230725,KT,LG,4,1,7.0,1.0,0,6.0,5.8,W. 벤자민,A. 플럿코,18:30,화,수원,7948
408,20230725,NC,KIA,5,3,4.0,8.0,0,8.0,3.6,김태현,최지민,18:30,화,창원,5668
409,20230725,두산,롯데,8,5,3.0,7.0,0,6.6,3.2,B. 브랜든,나균안,18:30,화,잠실,12700
410,20230725,삼성,SSG,5,1,10.0,2.0,0,4.0,4.4,A. 수아레즈,오원석,18:30,화,대구,5557
411,20230725,키움,한화,6,16,5.0,9.0,0,3.0,4.8,장시환,이명종,18:30,화,고척,9886
412,20230726,KT,LG,4,3,6.0,1.0,0,6.0,4.4,손동현,고우석,18:30,수,수원,8134
413,20230726,NC,KIA,3,13,4.0,8.0,0,9.0,2.8,M. 산체스,송명기,18:30,수,창원,6325
414,20230726,두산,롯데,2,7,3.0,7.0,0,6.2,3.8,A. 윌커슨,곽빈,18:30,수,잠실,13620
415,20230726,삼성,SSG,7,8,10.0,2.0,0,4.6,3.4,문승원,김태훈,18:30,수,대구,6955
416,20230726,키움,한화,4,5,6.0,9.0,0,3.6,6.6,박상원,김동혁,18:30,수,고척,11324
417,20230727,KT,LG,6,9,5.0,1.0,0,5.0,2.6,정우영,이상동,18:30,목,수원,8413
418,20230727,NC,KIA,4,0,4.0,8.0,0,7.4,4.4,E. 페디,양현종,18:30,목,창원,7279
419,20230727,두산,롯데,1,9,3.0,7.0,0,5.6,4.6,C. 반즈,최원준,18:30,목,잠실,12511
420,20230727,삼성,SSG,6,5,10.0,2.0,0,5.2,3.2,최지광,백승건,18:30,목,대구,7663
421,20230727,키움,한화,2,0,7.0,9.0,0,4.4,6.2,안우진,R. 산체스,18:30,목,고척,11650
422,20230728,KIA,롯데,6,5,8.0,7.0,0,3.8,6.0,이의리,박세웅,18:30,금,광주,10295
423,20230728,NC,KT,2,10,4.0,7.0,0,5.6,4.8,엄상백,김영규,18:30,금,창원,4676
424,20230728,SSG,한화,3,4,2.0,9.0,0,4.2,5.8,주현상,서진용,18:30,금,문학,14386
425,20230728,두산,LG,2,9,3.0,1.0,0,4.0,3.6,C. 켈리,R. 알칸타라,18:30,금,잠실,16987
426,20230728,키움,삼성,5,5,7.0,10.0,0,4.8,6.0,A. 후라도,원태인,18:30,금,고척,7755
427,20230729,KIA,롯데,4,1,8.0,7.0,0,4.8,6.4,윤영철,이인복,18:00,토,광주,14754
428,20230729,NC,KT,2,8,4.0,5.0,0,4.2,6.4,배제성,정구범,18:00,토,창원,8309
429,20230729,SSG,한화,6,3,2.0,9.0,0,4.6,6.0,박종훈,장민재,18:00,토,문학,21344
430,20230729,두산,LG,6,7,3.0,1.0,0,3.6,5.2,고우석,홍건희,18:00,토,잠실,21126
431,20230729,키움,삼성,2,7,7.0,10.0,0,4.8,6.0,D. 뷰캐넌,김동혁,18:00,토,고척,11851
432,20230730,KIA,롯데,6,3,8.0,7.0,0,5.2,5.4,T. 파노니,한현희,17:00,일,광주,11796
433,20230730,NC,KT,2,5,5.0,5.0,0,3.2,6.4,W. 벤자민,신민혁,17:00,일,창원,6181
434,20230730,SSG,한화,6,1,2.0,9.0,0,4.6,5.6,오원석,김범수,17:00,일,문학,18158
435,20230730,두산,LG,0,10,3.0,1.0,0,3.8,5.8,조원태,B. 브랜든,17:00,일,잠실,19500
436,20230730,키움,삼성,6,10,7.0,10.0,0,3.8,6.0,백정현,장재영,14:00,일,고척,11235
437,20230801,KT,SSG,8,0,4.0,2.0,0,6.6,5.6,고영표,K. 맥카티,18:30,화,수원,7831
438,20230801,LG,키움,4,2,1.0,7.0,0,7.6,3.8,임찬규,I. 맥키니,18:30,화,잠실,12159
439,20230801,롯데,NC,3,6,7.0,5.0,0,5.0,2.6,임정호,진승현,18:30,화,사직,13326
440,20230801,삼성,KIA,8,11,10.0,8.0,0,7.0,5.8,최지민,우규민,18:30,화,포항,6912
441,20230801,한화,두산,3,8,9.0,4.0,0,2.6,2.2,곽빈,문동주,18:30,화,대전,10225
442,20230802,KT,SSG,1,0,4.0,2.0,0,7.4,4.0,W. 쿠에바스,김광현,18:30,수,수원,7780
443,20230802,LG,키움,6,3,1.0,8.0,0,7.8,3.4,함덕주,안우진,18:30,수,잠실,11740
444,20230802,롯데,NC,6,3,8.0,5.0,0,4.2,3.2,C. 반즈,E. 페디,18:30,수,사직,11444
445,20230802,삼성,KIA,7,6,10.0,8.0,0,7.2,5.4,오승환,정해영,18:30,수,포항,6477
446,20230802,한화,두산,1,4,9.0,4.0,0,2.2,3.4,박치국,김범수,18:30,수,대전,9011
447,20230803,KT,SSG,3,1,4.0,2.0,0,6.4,3.0,엄상백,R. 엘리아스,18:30,목,수원,7521
448,20230803,LG,키움,5,4,1.0,8.0,0,7.2,3.6,정우영,양현,18:30,목,잠실,12179
449,20230803,롯데,NC,1,8,6.0,5.0,0,3.6,3.0,T. 와이드너,박세웅,18:30,목,사직,10162
450,20230803,삼성,KIA,8,12,10.0,8.0,0,7.4,6.6,이의리,원태인,18:30,목,포항,6357
451,20230803,한화,두산,5,2,10.0,4.0,0,2.4,4.0,F. 페냐,R. 알칸타라,18:30,목,대전,9024
452,20230804,KIA,한화,9,3,7.0,9.0,0,7.8,2.6,윤영철,장민재,18:30,금,광주,11495
453,20230804,NC,키움,4,2,5.0,8.0,0,4.2,3.4,김시훈,정찬헌,18:30,금,창원,5107
454,20230804,두산,KT,3,4,4.0,3.0,0,4.0,5.0,배제성,정철원,18:30,금,잠실,6358
455,20230804,롯데,SSG,1,4,7.0,2.0,0,2.8,2.6,노경은,이인복,18:30,금,사직,8545
456,20230804,삼성,LG,5,4,10.0,1.0,0,8.0,6.4,김태훈,이우찬,18:30,금,대구,10856
457,20230805,KIA,한화,9,3,6.0,10.0,0,8.8,2.6,T. 파노니,한승혁,18:00,토,광주,13487
458,20230805,NC,키움,4,3,5.0,8.0,0,4.6,3.4,임정호,김성진,18:00,토,창원,8244
459,20230805,두산,KT,7,4,5.0,3.0,0,3.4,4.2,B. 브랜든,W. 벤자민,18:00,토,잠실,8847
460,20230805,롯데,SSG,6,9,7.0,2.0,0,2.8,2.2,노경은,김원중,18:00,토,사직,10670
461,20230805,삼성,LG,6,3,10.0,1.0,0,7.6,5.8,백정현,조원태,18:00,토,대구,15879
462,20230806,KIA,한화,4,4,6.0,10.0,0,9.4,3.0,정해영,이태양,17:00,일,광주,10125
463,20230806,NC,키움,12,7,5.0,8.0,0,5.0,2.8,송명기,I. 맥키니,17:00,일,창원,6583
464,20230806,두산,KT,1,3,5.0,3.0,0,4.8,4.0,고영표,곽빈,17:00,일,잠실,6744
465,20230806,롯데,SSG,1,0,7.0,2.0,0,3.4,2.8,구승민,문승원,17:00,일,사직,8162
466,20230806,삼성,LG,4,7,9.0,1.0,0,6.8,4.4,임찬규,김대우,17:00,일,대구,11446
467,20230808,KT,한화,7,2,3.0,10.0,0,3.0,3.2,W. 쿠에바스,R. 산체스,18:30,화,수원,9704
468,20230808,SSG,NC,0,2,2.0,4.0,0,2.8,6.2,E. 페디,김광현,18:30,화,문학,8131
469,20230808,두산,삼성,5,3,5.0,9.0,0,3.4,6.0,최승용,최채흥,18:30,화,잠실,8519
470,20230808,키움,롯데,1,3,8.0,7.0,0,3.8,3.0,최준용,임창민,18:30,화,고척,8376
471,20230809,KIA,LG,2,6,7.0,1.0,0,8.0,5.0,이정용,이의리,18:30,수,광주,3700
472,20230809,KT,한화,12,6,3.0,10.0,0,4.2,3.4,엄상백,F. 페냐,18:30,수,수원,10099
473,20230809,SSG,NC,2,1,2.0,4.0,0,2.8,6.0,R. 엘리아스,최성영,18:30,수,문학,6473
474,20230809,두산,삼성,4,6,5.0,9.0,0,3.6,5.2,김태훈,홍건희,18:30,수,잠실,8344
475,20230809,키움,롯데,10,8,8.0,7.0,0,3.4,2.4,A. 후라도,박세웅,18:30,수,고척,7424
476,20230810,키움,롯데,8,12,8.0,7.0,0,4.6,3.8,구승민,정찬헌,18:30,목,고척,6240
477,20230811,KT,NC,3,7,3.0,4.0,0,6.0,4.6,신민혁,W. 벤자민,18:30,금,수원,5969
478,20230811,LG,키움,5,3,1.0,8.0,0,5.0,5.8,유영찬,문성현,18:30,금,잠실,11910
479,20230811,SSG,삼성,4,5,2.0,9.0,0,3.0,4.8,장필준,서진용,18:30,금,문학,7495
480,20230811,롯데,KIA,7,1,6.0,7.0,0,6.0,7.2,A. 윌커슨,T. 파노니,18:30,금,사직,10118
481,20230811,한화,두산,4,11,10.0,5.0,0,3.6,4.0,B. 브랜든,한승혁,18:30,금,대전,7333
482,20230812,KT,NC,4,3,3.0,4.0,0,5.8,5.2,박영현,이용찬,18:00,토,수원,10138
483,20230812,LG,키움,8,4,1.0,8.0,0,5.0,5.8,조원태,I. 맥키니,18:00,토,잠실,17624
484,20230812,SSG,삼성,3,2,2.0,9.0,0,3.0,4.8,서진용,오승환,18:00,토,문학,18055
485,20230812,롯데,KIA,5,13,6.0,7.0,0,6.2,5.0,임기영,정성종,18:00,토,사직,16677
486,20230812,한화,두산,6,1,10.0,5.0,0,3.8,5.6,문동주,곽빈,18:00,토,대전,12000
487,20230813,KT,NC,4,0,3.0,4.0,0,5.8,5.0,배제성,E. 페디,17:00,일,수원,9736
488,20230813,LG,키움,17,8,1.0,8.0,0,5.8,5.2,임찬규,김동규,17:00,일,잠실,18279
489,20230813,SSG,삼성,4,0,2.0,9.0,0,1.8,4.0,김광현,T. 와이드너,17:00,일,문학,16473
490,20230813,롯데,KIA,6,1,6.0,7.0,0,7.0,5.8,C. 반즈,M. 산체스,17:00,일,사직,14325
491,20230813,한화,두산,8,3,10.0,5.0,0,4.4,4.4,R. 산체스,최원준,17:00,일,대전,11007
492,20230815,KIA,키움,6,9,7.0,8.0,1,4.2,6.6,A. 후라도,양현종,17:00,화,광주,11541
493,20230815,NC,한화,3,3,4.0,10.0,1,2.6,5.2,태너,F. 페냐,17:00,화,창원,10116
494,20230815,두산,KT,0,1,5.0,3.0,1,4.8,6.0,W. 쿠에바스,박치국,17:00,화,잠실,11069
495,20230815,롯데,SSG,10,6,6.0,2.0,1,7.6,2.6,박세웅,R. 엘리아스,17:00,화,사직,11871
496,20230815,삼성,LG,6,5,9.0,1.0,1,3.2,8.6,원태인,A. 플럿코,17:00,화,대구,14248
497,20230816,KIA,키움,11,3,7.0,8.0,0,4.6,6.4,이의리,정찬헌,18:30,수,광주,7050
498,20230816,NC,한화,3,4,4.0,10.0,0,2.8,5.4,이태양,김시훈,18:30,수,창원,5033
499,20230816,두산,KT,2,5,5.0,3.0,0,3.8,4.8,엄상백,김동주,18:30,수,잠실,5160
500,20230816,롯데,SSG,7,4,6.0,2.0,0,8.0,3.8,김상수,임준섭,18:30,수,사직,10542
501,20230816,삼성,LG,3,6,9.0,1.0,0,3.8,8.2,이정용,이상민,18:30,수,대구,7441
502,20230817,KIA,키움,8,4,7.0,8.0,0,6.4,5.4,임기영,김성진,18:30,목,광주,6159
503,20230817,NC,한화,10,9,4.0,10.0,0,3.2,5.0,이용찬,김규연,18:30,목,창원,4875
504,20230817,두산,KT,8,9,6.0,3.0,0,3.4,3.4,W. 벤자민,B. 브랜든,18:30,목,잠실,4943
505,20230817,롯데,SSG,15,4,6.0,3.0,0,7.0,4.2,한현희,오원석,18:30,목,사직,9843
506,20230817,삼성,LG,4,2,9.0,1.0,0,3.2,8.2,백정현,C. 켈리,18:30,목,대구,7415
507,20230818,SSG,LG,4,8,3.0,1.0,0,4.2,7.6,백승현,최민준,18:30,금,문학,14549
508,20230818,삼성,KIA,12,2,9.0,7.0,0,3.0,7.8,T. 와이드너,윤영철,18:30,금,대구,10630
509,20230818,키움,롯데,5,4,9.0,5.0,0,5.6,8.6,김성진,한현희,18:30,금,고척,8817
510,20230818,한화,KT,11,6,10.0,2.0,0,6.0,4.6,문동주,이선우,18:30,금,대전,7003
511,20230819,SSG,LG,2,11,3.0,1.0,0,4.4,7.6,임찬규,김광현,18:00,토,문학,23000
512,20230819,두산,NC,4,1,6.0,4.0,0,2.8,3.8,박치국,E. 페디,18:00,토,잠실,12240
513,20230819,삼성,KIA,5,6,9.0,7.0,0,5.0,5.6,M. 산체스,이재익,18:00,토,대구,17448
514,20230819,키움,롯데,5,2,9.0,5.0,0,5.8,8.4,안우진,나균안,14:00,토,고척,13423
515,20230819,한화,KT,4,5,10.0,2.0,0,7.0,5.0,김재윤,박상원,18:00,토,대전,11606
516,20230820,SSG,LG,2,1,3.0,1.0,0,4.0,6.4,R. 엘리아스,박명근,17:00,일,문학,18441
517,20230820,두산,NC,5,12,6.0,4.0,0,3.4,3.4,태너,곽빈,17:00,일,잠실,8286
518,20230820,삼성,KIA,6,4,9.0,7.0,0,6.0,6.6,우규민,전상현,17:00,일,대구,12586
519,20230820,키움,롯데,7,6,8.0,6.0,0,5.2,7.6,이명종,구승민,14:00,일,고척,12545
520,20230820,한화,KT,0,3,10.0,2.0,0,6.2,5.2,W. 쿠에바스,F. 페냐,17:00,일,대전,8762
521,20230822,KT,KIA,8,4,2.0,7.0,0,5.6,6.2,손동현,임기영,18:30,화,수원,7916
522,20230822,키움,두산,1,6,8.0,6.0,0,4.8,3.8,R. 알칸타라,김선기,18:30,화,고척,6455
523,20230822,한화,삼성,3,5,10.0,9.0,0,5.6,6.0,이승현,박상원,18:30,화,대전,5806
524,20230823,키움,두산,4,11,9.0,5.0,0,4.4,5.0,B. 브랜든,박승주,18:30,수,고척,6455
525,20230824,KT,KIA,3,7,2.0,7.0,0,6.2,4.8,전상현,김재윤,18:30,목,수원,9846
526,20230824,LG,롯데,3,1,1.0,6.0,0,5.6,6.8,C. 켈리,C. 반즈,18:30,목,잠실,15547
527,20230824,SSG,NC,7,4,3.0,5.0,0,3.2,5.8,K. 맥카티,이재학,18:30,목,문학,6683
528,20230824,키움,두산,6,8,9.0,5.0,0,4.4,6.8,김강률,I. 맥키니,18:30,목,고척,6819
529,20230825,KIA,한화,4,1,7.0,10.0,0,4.6,5.4,M. 산체스,R. 산체스,18:30,금,광주,8457
530,20230825,NC,LG,14,1,5.0,1.0,0,6.0,5.0,E. 페디,조원태,18:30,금,창원,9288
531,20230825,두산,SSG,10,1,4.0,3.0,0,6.8,3.8,곽빈,김광현,18:30,금,잠실,8363
532,20230825,롯데,KT,1,3,6.0,2.0,0,5.6,5.0,W. 벤자민,A. 윌커슨,18:30,금,사직,10709
533,20230825,삼성,키움,4,7,9.0,9.0,0,6.4,4.6,안우진,T. 와이드너,18:30,금,대구,11135
534,20230826,KIA,한화,12,4,7.0,10.0,0,5.0,3.8,양현종,F. 페냐,18:00,토,광주,16812
535,20230826,NC,LG,7,5,5.0,1.0,0,8.2,4.8,임정호,고우석,18:00,토,창원,13484
536,20230826,두산,SSG,5,7,4.0,3.0,0,8.0,3.2,고효준,박치국,18:00,토,잠실,15101
537,20230826,롯데,KT,6,8,7.0,2.0,0,2.8,4.4,손동현,김원중,18:00,토,사직,15657
538,20230826,삼성,키움,6,5,9.0,8.0,0,6.4,5.0,김태훈,이명종,18:00,토,대구,17586
539,20230827,KIA,한화,5,2,6.0,10.0,0,6.2,2.4,임기영,문동주,17:00,일,광주,12627
540,20230827,NC,LG,5,3,5.0,1.0,0,7.6,4.2,최성영,박명근,17:00,일,창원,8771
541,20230827,두산,SSG,5,8,5.0,3.0,0,8.0,3.8,서진용,김명신,17:00,일,잠실,11300
542,20230827,롯데,KT,1,2,7.0,2.0,0,3.2,5.0,W. 쿠에바스,나균안,17:00,일,사직,10735
543,20230827,삼성,키움,8,6,9.0,9.0,0,5.2,4.6,원태인,김선기,17:00,일,대구,13461
544,20230830,SSG,키움,11,7,3.0,9.0,0,5.0,5.6,K. 맥카티,I. 맥키니,18:30,수,문학,7809
545,20230831,KIA,NC,13,3,6.0,4.0,0,6.4,8.4,T. 파노니,E. 페디,18:30,목,광주,7152
546,20230831,KT,삼성,6,4,2.0,8.0,0,4.8,5.8,W. 벤자민,이승현,18:30,목,수원,8071
547,20230831,LG,두산,3,2,1.0,5.0,0,2.6,7.8,김진성,정철원,18:30,목,잠실,17859
548,20230831,SSG,키움,3,8,3.0,9.0,0,6.8,6.2,임창민,임준섭,18:30,목,문학,9780
549,20230831,한화,롯데,2,5,10.0,7.0,0,2.0,3.0,A. 윌커슨,이태양,18:30,목,대전,7179
550,20230901,LG,한화,10,0,1.0,10.0,0,3.0,2.4,이정용,F. 페냐,18:30,금,잠실,20381
551,20230901,SSG,KIA,2,10,3.0,6.0,0,6.0,8.2,양현종,R. 엘리아스,18:30,금,문학,17281
552,20230901,삼성,NC,0,10,9.0,4.0,0,5.4,6.6,태너,최채흥,18:30,금,대구,12843
553,20230901,키움,KT,6,2,9.0,2.0,0,6.6,4.4,윤석원,고영표,18:30,금,고척,3746
554,20230902,LG,한화,3,5,1.0,10.0,0,4.4,1.8,김범수,고우석,14:00,토,잠실,23574
555,20230902,SSG,KIA,4,12,3.0,6.0,0,6.2,8.8,윤영철,문승원,17:00,토,문학,23000
556,20230902,삼성,NC,1,5,9.0,4.0,0,4.4,7.8,이재학,이재익,17:00,토,대구,20468
557,20230902,키움,KT,3,0,8.0,2.0,0,6.4,4.2,김선기,배제성,17:00,토,고척,6731
558,20230903,LG,한화,3,5,1.0,10.0,0,4.8,2.6,김범수,임찬규,14:00,일,잠실,22858
559,20230903,SSG,KIA,6,8,3.0,5.0,0,5.6,10.4,전상현,서진용,14:00,일,문학,23000
560,20230903,롯데,두산,0,2,7.0,6.0,0,2.8,6.0,B. 브랜든,C. 반즈,14:00,일,사직,11436
561,20230903,삼성,NC,6,1,9.0,4.0,0,3.8,6.0,D. 뷰캐넌,최성영,14:00,일,대구,14601
562,20230903,키움,KT,7,0,8.0,2.0,0,6.0,3.6,A. 후라도,김민,14:00,일,고척,5778
563,20230904,롯데,두산,4,3,8.0,6.0,0,2.6,4.8,최준용,R. 알칸타라,18:30,월,사직,4621
564,20230905,KT,LG,4,5,2.0,1.0,0,2.0,4.4,정우영,손동현,18:30,화,수원,10153
565,20230905,NC,키움,2,1,4.0,8.0,0,4.8,6.2,E. 페디,I. 맥키니,18:30,화,창원,3511
566,20230905,롯데,삼성,10,3,7.0,9.0,0,3.2,3.8,A. 윌커슨,최채흥,18:30,화,울산,5999
567,20230905,한화,SSG,6,11,10.0,3.0,0,2.8,5.2,이로운,주현상,18:30,화,대전,5124
568,20230906,KT,LG,4,3,2.0,1.0,0,2.4,4.8,조이현,고우석,18:30,수,수원,10075
569,20230906,NC,키움,8,2,4.0,8.0,0,4.2,5.0,신민혁,양현,18:30,수,창원,4269
570,20230906,두산,KIA,1,7,6.0,5.0,0,3.4,9.6,T. 파노니,곽빈,18:30,수,잠실,20468
571,20230906,롯데,삼성,2,7,7.0,9.0,0,4.0,2.8,이승현,최준용,18:30,수,울산,6380
572,20230906,한화,SSG,6,5,10.0,3.0,0,3.6,5.2,장시환,이로운,18:30,수,대전,7213
573,20230907,KT,LG,4,11,2.0,1.0,0,2.0,4.8,이정용,고영표,18:30,목,수원,10799
574,20230907,NC,키움,6,1,4.0,8.0,0,5.2,3.8,태너,장재영,18:30,목,창원,4780
575,20230907,두산,KIA,3,0,6.0,5.0,0,2.6,10.0,최원준,양현종,18:30,목,잠실,21838
576,20230907,롯데,삼성,2,1,7.0,9.0,0,4.2,3.4,신정락,오승환,18:30,목,울산,7156
577,20230907,한화,SSG,4,3,10.0,3.0,0,4.4,5.6,윤대경,노경은,18:30,목,대전,7236
578,20230908,KIA,LG,2,12,5.0,1.0,0,7.4,5.0,김윤식,윤영철,18:30,금,광주,12280
579,20230908,KT,SSG,16,7,2.0,3.0,0,2.4,5.8,배제성,문승원,18:30,금,수원,7200
580,20230908,NC,롯데,4,3,4.0,7.0,0,4.4,3.6,류진욱,김상수,18:30,금,창원,12684
581,20230908,두산,삼성,8,7,6.0,9.0,0,2.2,3.6,홍건희,김태훈,18:30,금,잠실,15991
582,20230908,키움,한화,5,6,8.0,10.0,0,2.8,5.2,장민재,박승주,18:30,금,고척,7715
583,20230909,KIA,LG,7,6,6.0,1.0,0,5.8,6.8,최지민,유영찬,14:00,토,광주,11820
584,20230909,KIA,LG,12,7,6.0,1.0,0,4.8,7.4,윤중현,이우찬,17:00,토,광주,18462
585,20230909,KT,SSG,8,8,2.0,4.0,0,5.6,6.4,김민,오원석,17:00,토,수원,13739
586,20230909,NC,롯데,2,5,4.0,7.0,0,4.2,4.2,박세웅,송명기,14:00,토,창원,10933
587,20230909,NC,롯데,6,5,4.0,7.0,0,4.4,4.4,김영규,진승현,17:00,토,창원,17861
588,20230909,두산,삼성,1,5,6.0,9.0,0,3.4,4.8,D. 뷰캐넌,장원준,14:00,토,잠실,14279
589,20230909,두산,삼성,4,0,6.0,9.0,0,3.2,4.6,B. 브랜든,최하늘,17:00,토,잠실,21514
590,20230909,키움,한화,2,11,8.0,10.0,0,3.2,5.4,김기중,김동혁,14:00,토,고척,9962
591,20230909,키움,한화,1,3,8.0,10.0,0,2.2,6.6,이민우,김성진,17:00,토,고척,10028
592,20230910,KIA,LG,8,7,5.0,1.0,0,5.6,7.8,최지민,정우영,14:00,일,광주,13948
593,20230910,KT,SSG,5,6,2.0,4.0,0,7.2,6.8,이로운,김재윤,14:00,일,수원,11212
594,20230910,NC,롯데,3,1,3.0,7.0,0,5.2,3.4,E. 페디,A. 윌커슨,14:00,일,창원,13984
595,20230910,두산,삼성,8,2,6.0,9.0,0,3.4,4.0,R. 알칸타라,최채흥,14:00,일,잠실,17467
596,20230910,키움,한화,8,9,9.0,10.0,0,2.2,6.0,윤대경,주승우,14:00,일,고척,11313
597,20230912,SSG,KT,0,3,4.0,2.0,0,5.8,7.4,W. 벤자민,김광현,18:30,화,문학,10309
598,20230912,두산,한화,8,3,6.0,10.0,0,4.8,6.6,최지강,윤대경,18:30,화,잠실,10169
599,20230912,롯데,NC,3,4,7.0,3.0,0,3.2,4.2,김영규,구승민,18:30,화,사직,8202
600,20230912,삼성,KIA,10,9,9.0,5.0,0,3.0,5.8,오승환,임기영,18:30,화,대구,9037
601,20230913,KIA,롯데,1,3,6.0,7.0,0,7.6,3.4,심재민,양현종,18:30,수,광주,6323
602,20230913,NC,KT,2,6,3.0,2.0,0,3.8,7.2,고영표,송명기,18:30,수,창원,3919
603,20230914,두산,SSG,3,2,6.0,4.0,0,5.8,4.8,이영하,서진용,18:30,목,잠실,7257
604,20230914,삼성,KT,10,4,8.0,2.0,0,4.8,7.6,원태인,배제성,18:30,목,대구,6850
605,20230915,KIA,두산,6,8,6.0,5.0,0,7.4,4.8,김명신,정해영,18:30,금,광주,7350
606,20230915,NC,삼성,8,1,3.0,8.0,0,3.4,5.4,이재학,D. 뷰캐넌,18:30,금,창원,4129
607,20230915,롯데,키움,5,4,7.0,9.0,0,3.4,3.4,진승현,박승주,18:30,금,사직,6409
608,20230915,한화,LG,3,4,10.0,1.0,0,6.4,8.6,김윤식,F. 페냐,18:30,금,대전,5724
609,20230916,LG,SSG,10,4,1.0,5.0,0,7.2,4.6,김진성,오원석,17:00,토,잠실,18576
610,20230917,KIA,두산,3,8,6.0,5.0,0,7.2,6.2,R. 알칸타라,T. 파노니,14:00,일,광주,12878
611,20230917,LG,SSG,8,3,1.0,5.0,0,6.8,4.0,유영찬,노경은,14:00,일,잠실,15193
612,20230917,LG,SSG,9,5,1.0,5.0,0,7.2,3.0,임찬규,K. 맥카티,17:00,일,잠실,14237
613,20230917,삼성,롯데,4,7,8.0,7.0,0,4.6,3.4,박세웅,T. 와이드너,14:00,일,대구,18746
614,20230917,한화,KT,0,7,10.0,2.0,0,5.8,5.2,W. 쿠에바스,R. 산체스,14:00,일,대전,7406
615,20230917,한화,KT,1,3,10.0,2.0,0,3.6,5.0,손동현,한승주,17:00,일,대전,6228
616,20230918,KIA,두산,4,8,6.0,4.0,0,5.4,7.0,곽빈,황동하,18:30,월,광주,3482
617,20230918,한화,KT,6,2,10.0,2.0,0,3.2,4.6,이태양,김민,18:30,월,대전,3425
618,20230919,KIA,LG,3,4,6.0,1.0,0,4.6,7.6,이지강,양현종,18:30,화,광주,8871
619,20230919,KT,삼성,7,1,2.0,8.0,0,4.4,5.4,고영표,황동재,18:30,화,수원,7216
620,20230919,두산,NC,1,2,4.0,3.0,0,7.0,4.6,E. 페디,장원준,18:30,화,잠실,6726
621,20230919,롯데,키움,3,6,7.0,10.0,0,3.8,4.0,김성진,김원중,18:30,화,사직,5523
622,20230919,한화,SSG,3,5,10.0,5.0,0,2.6,2.8,문승원,장민재,18:30,화,대전,4014
623,20230921,KT,롯데,5,0,2.0,7.0,0,4.6,4.2,배제성,나균안,18:30,목,수원,7691
624,20230921,SSG,LG,1,2,5.0,1.0,0,3.8,7.0,C. 켈리,송영진,18:30,목,문학,12353
625,20230921,삼성,두산,1,5,8.0,4.0,0,5.2,5.6,B. 브랜든,D. 뷰캐넌,18:30,목,대구,7596
626,20230921,키움,NC,5,1,9.0,3.0,0,4.2,3.8,하영민,임정호,18:30,목,고척,5178
627,20230921,한화,KIA,14,8,10.0,6.0,0,2.6,3.4,F. 페냐,이의리,18:30,목,대전,7747
628,20230922,KIA,KT,2,1,6.0,2.0,0,4.8,4.8,T. 파노니,W. 벤자민,18:30,금,광주,10221
629,20230922,LG,NC,4,5,1.0,3.0,0,6.6,3.4,임정호,고우석,18:30,금,잠실,16269
630,20230922,SSG,롯데,2,5,5.0,7.0,0,3.6,3.6,박세웅,김광현,18:30,금,문학,11561
631,20230922,삼성,두산,1,3,9.0,4.0,0,3.4,6.0,이영하,최채흥,18:30,금,대구,11568
632,20230922,한화,키움,6,11,10.0,9.0,0,4.8,4.8,윤석원,남지민,18:30,금,대전,7088
633,20230923,KIA,KT,1,4,6.0,2.0,0,4.0,3.6,W. 쿠에바스,윤영철,17:00,토,광주,13846
634,20230923,LG,한화,3,1,1.0,10.0,0,5.4,6.0,임찬규,R. 산체스,17:00,토,잠실,22765
635,20230923,NC,두산,1,3,3.0,4.0,0,3.6,5.0,이영하,김시훈,17:00,토,창원,11026
636,20230923,SSG,롯데,4,2,5.0,7.0,0,3.2,4.0,오원석,C. 반즈,17:00,토,문학,19725
637,20230924,KIA,KT,2,3,6.0,2.0,0,3.6,3.8,손동현,임기영,14:00,일,광주,10108
638,20230924,LG,한화,5,1,1.0,10.0,0,4.4,6.0,최원태,이태양,14:00,일,잠실,20369
639,20230924,NC,두산,6,5,4.0,4.0,0,3.4,4.0,이준호,박치국,14:00,일,창원,8247
640,20230924,SSG,롯데,1,8,5.0,7.0,0,3.4,3.4,A. 윌커슨,문승원,14:00,일,문학,16280
641,20230926,NC,KIA,4,6,3.0,6.0,0,3.0,3.2,장현식,류진욱,18:30,화,창원,6945
642,20230927,LG,KT,4,0,1.0,2.0,0,3.6,4.0,C. 켈리,하준호,15:00,수,잠실,5656
643,20230927,LG,KT,3,0,1.0,2.0,0,3.6,2.6,김윤식,배제성,18:30,수,잠실,14733
644,20230927,NC,KIA,7,0,3.0,6.0,0,3.4,3.8,송명기,M. 산체스,15:00,수,창원,3775
645,20230927,NC,KIA,1,6,3.0,6.0,0,4.6,2.2,이의리,태너,18:30,수,창원,8190
646,20230927,SSG,두산,7,7,5.0,4.0,0,2.6,3.4,추신수,B. 브랜든,15:00,수,문학,6526
647,20230927,SSG,두산,6,3,5.0,4.0,0,3.0,4.6,R. 엘리아스,이영하,18:30,수,문학,12132
648,20230927,한화,삼성,3,11,10.0,9.0,0,5.0,1.6,이재익,장시환,15:00,수,대전,2807
649,20230927,한화,삼성,4,0,10.0,9.0,0,5.0,3.6,F. 페냐,황동재,18:30,수,대전,7281
650,20230928,LG,삼성,1,11,1.0,9.0,1,3.8,2.8,최채흥,이정용,17:00,목,잠실,21057
651,20230928,NC,KIA,18,3,3.0,6.0,1,3.8,3.0,이준호,T. 파노니,17:00,목,창원,11864
652,20230928,롯데,한화,3,0,7.0,10.0,1,3.6,3.0,C. 반즈,R. 산체스,17:00,목,사직,12227
653,20230928,키움,SSG,4,2,9.0,5.0,1,6.8,4.0,A. 후라도,오원석,17:00,목,고척,7082
654,20230929,두산,LG,4,3,4.0,1.0,1,4.2,3.2,정철원,유영찬,14:00,금,잠실,20951
655,20230929,롯데,한화,9,1,7.0,10.0,1,3.6,1.8,한현희,한승주,14:00,금,사직,10279
656,20230929,키움,KIA,5,13,9.0,6.0,1,6.0,3.4,윤중현,김선기,14:00,금,고척,14472
657,20230930,SSG,KIA,4,3,5.0,6.0,1,4.0,5.6,서진용,정해영,14:00,토,문학,22191
658,20230930,두산,LG,3,1,4.0,1.0,1,4.4,3.2,김동주,최원태,14:00,토,잠실,23750
659,20230930,삼성,NC,3,1,9.0,3.0,1,4.8,7.2,D. 뷰캐넌,이재학,14:00,토,대구,24000
660,20231001,KT,키움,6,3,2.0,9.0,0,1.6,6.2,W. 쿠에바스,이명종,14:00,일,수원,11337
661,20231001,SSG,KIA,6,5,5.0,6.0,0,4.0,5.0,이로운,전상현,14:00,일,문학,22701
662,20231001,두산,LG,4,7,4.0,1.0,0,4.4,2.4,이지강,R. 알칸타라,14:00,일,잠실,23750
663,20231001,롯데,삼성,8,5,7.0,8.0,0,5.4,5.2,A. 윌커슨,이재익,14:00,일,사직,20159
664,20231001,한화,NC,4,3,10.0,3.0,0,1.8,6.2,이민우,임정호,14:00,일,대전,11004
665,20231002,KT,LG,4,5,2.0,1.0,1,2.6,3.0,김진성,주권,14:00,월,수원,18700
666,20231002,두산,키움,7,2,4.0,9.0,1,4.2,5.6,B. 브랜든,장재영,14:00,월,잠실,18050
667,20231002,롯데,삼성,8,9,7.0,8.0,1,6.0,6.0,T. 와이드너,심재민,14:00,월,사직,15868
668,20231002,롯데,삼성,6,8,7.0,8.0,1,7.2,5.6,최지광,최영환,17:00,월,사직,16293
669,20231002,한화,NC,10,0,10.0,3.0,1,2.4,6.0,F. 페냐,태너,14:00,월,대전,12000
670,20231003,KT,KIA,1,3,2.0,6.0,1,2.6,6.0,전상현,김재윤,14:00,화,수원,16841
671,20231003,SSG,NC,9,7,5.0,4.0,1,5.0,4.6,최민준,한재승,14:00,화,문학,14507
672,20231003,두산,키움,5,6,4.0,10.0,1,4.2,5.0,김재웅,정철원,14:00,화,잠실,14588
673,20231003,롯데,삼성,10,4,7.0,8.0,1,6.8,7.2,C. 반즈,황동재,14:00,화,사직,13042
674,20231004,KT,KIA,2,10,2.0,6.0,0,2.2,5.4,T. 파노니,배제성,15:00,수,수원,3908
675,20231004,KT,KIA,3,2,2.0,6.0,0,2.6,6.8,이상동,M. 산체스,18:30,수,수원,5907
676,20231004,SSG,NC,10,5,5.0,4.0,0,5.4,5.8,김광현,최성영,18:30,수,문학,8006
677,20231004,롯데,LG,6,7,7.0,1.0,0,8.2,3.4,백승현,김원중,18:30,수,사직,6970
678,20231004,삼성,한화,7,11,8.0,10.0,0,5.8,3.8,R. 산체스,김서준,18:30,수,대구,12571
679,20231005,KT,KIA,5,3,2.0,6.0,0,3.2,4.6,조이현,양현종,18:30,목,수원,7264
680,20231005,SSG,NC,4,3,5.0,4.0,0,6.2,3.2,오원석,이재학,18:30,목,문학,9004
681,20231005,롯데,LG,3,5,7.0,1.0,0,7.6,4.6,임찬규,한현희,18:30,목,사직,10040
682,20231005,삼성,한화,3,1,8.0,10.0,0,6.6,5.2,D. 뷰캐넌,김기중,18:30,목,대구,14483
683,20231006,KT,삼성,2,6,2.0,8.0,0,3.0,6.2,이호성,이채호,18:30,금,수원,8132
684,20231006,LG,KIA,2,3,1.0,6.0,0,5.0,4.6,전상현,박명근,18:30,금,잠실,23750
685,20231006,SSG,한화,7,2,5.0,10.0,0,6.6,5.4,문승원,이태양,18:30,금,문학,15755
686,20231007,KT,한화,17,0,2.0,10.0,0,2.6,5.6,김민,F. 페냐,17:00,토,수원,15210
687,20231007,NC,SSG,3,2,5.0,3.0,0,3.6,7.2,태너,송영진,17:00,토,창원,13479
688,20231007,두산,롯데,3,6,5.0,7.0,0,4.6,6.6,A. 윌커슨,R. 알칸타라,17:00,토,잠실,19916
689,20231007,키움,LG,7,1,10.0,1.0,0,4.0,5.2,A. 후라도,이지강,17:00,토,고척,13301
690,20231008,KIA,삼성,2,1,6.0,8.0,0,4.2,5.6,전상현,김태훈,14:00,일,광주,16005
691,20231008,KT,한화,9,2,2.0,10.0,0,5.8,4.8,W. 쿠에바스,남지민,14:00,일,수원,15197
692,20231008,NC,SSG,8,10,4.0,4.0,0,3.6,6.4,이건욱,이용찬,14:00,일,창원,10073
693,20231008,두산,롯데,2,1,5.0,7.0,0,4.4,6.2,B. 브랜든,C. 반즈,14:00,일,잠실,21392
694,20231009,KIA,삼성,3,1,6.0,8.0,1,4.0,4.2,전상현,이승현,14:00,월,광주,12758
695,20231009,LG,롯데,1,8,1.0,7.0,1,4.0,5.2,심재민,강효종,14:00,월,잠실,22807
696,20231009,NC,한화,11,6,5.0,10.0,1,5.2,3.2,이준호,김범수,14:00,월,창원,8716
697,20231010,KIA,SSG,5,6,6.0,4.0,0,2.6,6.6,노경은,윤중현,18:30,화,광주,8333
698,20231010,KT,두산,5,4,2.0,5.0,0,7.2,4.2,김재윤,정철원,18:30,화,수원,10937
699,20231010,LG,롯데,7,0,1.0,7.0,0,3.2,4.8,손주영,이인복,18:30,화,잠실,18521
700,20231010,NC,한화,2,0,4.0,10.0,0,6.0,2.2,E. 페디,김기중,18:30,화,창원,7342
701,20231010,키움,삼성,5,3,9.0,8.0,0,4.6,3.6,문성현,No Geon-woo,18:30,화,고척,11757
702,20231011,KIA,키움,11,0,6.0,9.0,0,3.2,4.6,양현종,이종민,18:30,수,광주,3656
703,20231011,롯데,두산,14,3,7.0,5.0,0,3.6,4.2,박세웅,최원준,18:30,수,사직,9940
704,20231012,KIA,롯데,6,5,6.0,7.0,0,4.8,5.8,전상현,최준용,18:30,목,광주,4767
705,20231012,두산,NC,11,1,5.0,4.0,0,3.4,5.4,이영하,이재학,18:30,목,잠실,7113
706,20231013,NC,LG,8,4,4.0,1.0,0,5.0,3.2,태너,이지강,18:30,금,창원,6257
707,20231013,SSG,키움,3,2,4.0,9.0,0,5.8,4.0,서진용,문성현,18:30,금,문학,16783
708,20231013,두산,KIA,3,1,5.0,6.0,0,4.6,5.4,곽빈,김건국,18:30,금,잠실,19188
709,20231014,LG,두산,2,3,1.0,5.0,0,3.0,4.6,정철원,정우영,17:00,토,잠실,21771
710,20231014,삼성,SSG,5,3,8.0,4.0,0,2.8,5.6,T. 와이드너,문승원,17:00,토,대구,24000
711,20231014,한화,롯데,8,0,10.0,7.0,0,2.0,5.6,윤대경,한현희,17:00,토,대전,9153
712,20231015,LG,두산,5,2,1.0,5.0,0,3.0,4.8,임찬규,김동주,14:00,일,잠실,23750
713,20231015,NC,삼성,5,3,5.0,8.0,0,6.0,3.2,이재학,원태인,14:00,일,창원,17861
714,20231015,한화,롯데,7,4,10.0,7.0,0,3.2,5.4,주현상,나균안,14:00,일,대전,9840
715,20231016,KIA,NC,4,2,6.0,3.0,0,5.2,5.4,박준표,임정호,18:30,월,광주,5251
716,20231016,두산,SSG,2,3,5.0,5.0,0,4.4,4.8,R. 엘리아스,R. 알칸타라,18:30,월,잠실,15850
717,20231016,한화,롯데,2,7,10.0,7.0,0,4.6,4.6,신정락,이민우,18:30,월,대전,12000
718,20231017,KIA,NC,7,1,6.0,4.0,0,5.4,3.6,양현종,최성영,18:30,화,광주,10175
719,20231017,SSG,두산,5,0,4.0,5.0,0,5.0,4.2,김광현,장원준,18:30,화,문학,21007
